-- michaels_seed_all_modules_2026_05_03.sql
-- Seed tag: [SEED-2026-05-03-MODULES]

BEGIN;

-- Remove orphan cumsum data --
DELETE FROM cumsum_entries WHERE tracker_id IN (SELECT id FROM cumsum_trackers WHERE user_id=17);
DELETE FROM cumsum_trackers WHERE user_id=17;

-- PI entries (12 months x 14 metrics) --
INSERT OR REPLACE INTO pi_entries (metric_id, account_id, year, month, value, volume, notes, created_at, updated_at) VALUES ((SELECT id FROM pi_metrics WHERE account_id=17 AND name='Wasted Product Rate' LIMIT 1), 17, 2025, 5, 1.41, 4010, '[SEED-2026-05-03-MODULES]', '2026-05-03T19:44:43Z', '2026-05-03T19:44:43Z');
INSERT OR REPLACE INTO pi_entries (metric_id, account_id, year, month, value, volume, notes, created_at, updated_at) VALUES ((SELECT id FROM pi_metrics WHERE account_id=17 AND name='Transfusion Reaction Rate' LIMIT 1), 17, 2025, 5, 0.82, 5129, '[SEED-2026-05-03-MODULES]', '2026-05-03T19:44:43Z', '2026-05-03T19:44:43Z');
INSERT OR REPLACE INTO pi_entries (metric_id, account_id, year, month, value, volume, notes, created_at, updated_at) VALUES ((SELECT id FROM pi_metrics WHERE account_id=17 AND name='Crossmatch-to-Transfusion Ratio' LIMIT 1), 17, 2025, 5, 2.37, 1497, '[SEED-2026-05-03-MODULES]', '2026-05-03T19:44:43Z', '2026-05-03T19:44:43Z');
INSERT OR REPLACE INTO pi_entries (metric_id, account_id, year, month, value, volume, notes, created_at, updated_at) VALUES ((SELECT id FROM pi_metrics WHERE account_id=17 AND name='C. difficile Rate' LIMIT 1), 17, 2025, 5, 1.86, 870, '[SEED-2026-05-03-MODULES]', '2026-05-03T19:44:43Z', '2026-05-03T19:44:43Z');
INSERT OR REPLACE INTO pi_entries (metric_id, account_id, year, month, value, volume, notes, created_at, updated_at) VALUES ((SELECT id FROM pi_metrics WHERE account_id=17 AND name='MRSA Rate' LIMIT 1), 17, 2025, 5, 2.4, 1063, '[SEED-2026-05-03-MODULES]', '2026-05-03T19:44:43Z', '2026-05-03T19:44:43Z');
INSERT OR REPLACE INTO pi_entries (metric_id, account_id, year, month, value, volume, notes, created_at, updated_at) VALUES ((SELECT id FROM pi_metrics WHERE account_id=17 AND name='Blood Culture Contamination Rate' LIMIT 1), 17, 2025, 5, 1.48, 3221, '[SEED-2026-05-03-MODULES]', '2026-05-03T19:44:43Z', '2026-05-03T19:44:43Z');
INSERT OR REPLACE INTO pi_entries (metric_id, account_id, year, month, value, volume, notes, created_at, updated_at) VALUES ((SELECT id FROM pi_metrics WHERE account_id=17 AND name='Urine Contamination Rate' LIMIT 1), 17, 2025, 5, 3.82, 2317, '[SEED-2026-05-03-MODULES]', '2026-05-03T19:44:43Z', '2026-05-03T19:44:43Z');
INSERT OR REPLACE INTO pi_entries (metric_id, account_id, year, month, value, volume, notes, created_at, updated_at) VALUES ((SELECT id FROM pi_metrics WHERE account_id=17 AND name='Avg TAT - Received to Verified' LIMIT 1), 17, 2025, 5, 75.42, 5413, '[SEED-2026-05-03-MODULES]', '2026-05-03T19:44:43Z', '2026-05-03T19:44:43Z');
INSERT OR REPLACE INTO pi_entries (metric_id, account_id, year, month, value, volume, notes, created_at, updated_at) VALUES ((SELECT id FROM pi_metrics WHERE account_id=17 AND name='Avg TAT - Ordered to Collected' LIMIT 1), 17, 2025, 5, 19.31, 3963, '[SEED-2026-05-03-MODULES]', '2026-05-03T19:44:43Z', '2026-05-03T19:44:43Z');
INSERT OR REPLACE INTO pi_entries (metric_id, account_id, year, month, value, volume, notes, created_at, updated_at) VALUES ((SELECT id FROM pi_metrics WHERE account_id=17 AND name='Avg TAT - Collected to Received' LIMIT 1), 17, 2025, 5, 34.61, 2850, '[SEED-2026-05-03-MODULES]', '2026-05-03T19:44:43Z', '2026-05-03T19:44:43Z');
INSERT OR REPLACE INTO pi_entries (metric_id, account_id, year, month, value, volume, notes, created_at, updated_at) VALUES ((SELECT id FROM pi_metrics WHERE account_id=17 AND name='Avg TAT - Received to Resulted' LIMIT 1), 17, 2025, 5, 21.75, 2557, '[SEED-2026-05-03-MODULES]', '2026-05-03T19:44:43Z', '2026-05-03T19:44:43Z');
INSERT OR REPLACE INTO pi_entries (metric_id, account_id, year, month, value, volume, notes, created_at, updated_at) VALUES ((SELECT id FROM pi_metrics WHERE account_id=17 AND name='Avg TAT - Resulted to Verified' LIMIT 1), 17, 2025, 5, 8.73, 2617, '[SEED-2026-05-03-MODULES]', '2026-05-03T19:44:43Z', '2026-05-03T19:44:43Z');
INSERT OR REPLACE INTO pi_entries (metric_id, account_id, year, month, value, volume, notes, created_at, updated_at) VALUES ((SELECT id FROM pi_metrics WHERE account_id=17 AND name='Avg TAT - Ordered to Verified' LIMIT 1), 17, 2025, 5, 91.81, 4738, '[SEED-2026-05-03-MODULES]', '2026-05-03T19:44:43Z', '2026-05-03T19:44:43Z');
INSERT OR REPLACE INTO pi_entries (metric_id, account_id, year, month, value, volume, notes, created_at, updated_at) VALUES ((SELECT id FROM pi_metrics WHERE account_id=17 AND name='Critical Value Notification Rate' LIMIT 1), 17, 2025, 5, 92.34, 1769, '[SEED-2026-05-03-MODULES]', '2026-05-03T19:44:43Z', '2026-05-03T19:44:43Z');
INSERT OR REPLACE INTO pi_entries (metric_id, account_id, year, month, value, volume, notes, created_at, updated_at) VALUES ((SELECT id FROM pi_metrics WHERE account_id=17 AND name='Wasted Product Rate' LIMIT 1), 17, 2025, 6, 1.94, 920, '[SEED-2026-05-03-MODULES]', '2026-05-03T19:44:43Z', '2026-05-03T19:44:43Z');
INSERT OR REPLACE INTO pi_entries (metric_id, account_id, year, month, value, volume, notes, created_at, updated_at) VALUES ((SELECT id FROM pi_metrics WHERE account_id=17 AND name='Transfusion Reaction Rate' LIMIT 1), 17, 2025, 6, 0.17, 1816, '[SEED-2026-05-03-MODULES]', '2026-05-03T19:44:43Z', '2026-05-03T19:44:43Z');
INSERT OR REPLACE INTO pi_entries (metric_id, account_id, year, month, value, volume, notes, created_at, updated_at) VALUES ((SELECT id FROM pi_metrics WHERE account_id=17 AND name='Crossmatch-to-Transfusion Ratio' LIMIT 1), 17, 2025, 6, 2.02, 4637, '[SEED-2026-05-03-MODULES]', '2026-05-03T19:44:43Z', '2026-05-03T19:44:43Z');
INSERT OR REPLACE INTO pi_entries (metric_id, account_id, year, month, value, volume, notes, created_at, updated_at) VALUES ((SELECT id FROM pi_metrics WHERE account_id=17 AND name='C. difficile Rate' LIMIT 1), 17, 2025, 6, 3.32, 1022, '[SEED-2026-05-03-MODULES]', '2026-05-03T19:44:43Z', '2026-05-03T19:44:43Z');
INSERT OR REPLACE INTO pi_entries (metric_id, account_id, year, month, value, volume, notes, created_at, updated_at) VALUES ((SELECT id FROM pi_metrics WHERE account_id=17 AND name='MRSA Rate' LIMIT 1), 17, 2025, 6, 1.61, 2485, '[SEED-2026-05-03-MODULES]', '2026-05-03T19:44:43Z', '2026-05-03T19:44:43Z');
INSERT OR REPLACE INTO pi_entries (metric_id, account_id, year, month, value, volume, notes, created_at, updated_at) VALUES ((SELECT id FROM pi_metrics WHERE account_id=17 AND name='Blood Culture Contamination Rate' LIMIT 1), 17, 2025, 6, 3.2, 3671, '[SEED-2026-05-03-MODULES]', '2026-05-03T19:44:43Z', '2026-05-03T19:44:43Z');
INSERT OR REPLACE INTO pi_entries (metric_id, account_id, year, month, value, volume, notes, created_at, updated_at) VALUES ((SELECT id FROM pi_metrics WHERE account_id=17 AND name='Urine Contamination Rate' LIMIT 1), 17, 2025, 6, 1.46, 4618, '[SEED-2026-05-03-MODULES]', '2026-05-03T19:44:43Z', '2026-05-03T19:44:43Z');
INSERT OR REPLACE INTO pi_entries (metric_id, account_id, year, month, value, volume, notes, created_at, updated_at) VALUES ((SELECT id FROM pi_metrics WHERE account_id=17 AND name='Avg TAT - Received to Verified' LIMIT 1), 17, 2025, 6, 65.03, 3449, '[SEED-2026-05-03-MODULES]', '2026-05-03T19:44:43Z', '2026-05-03T19:44:43Z');
INSERT OR REPLACE INTO pi_entries (metric_id, account_id, year, month, value, volume, notes, created_at, updated_at) VALUES ((SELECT id FROM pi_metrics WHERE account_id=17 AND name='Avg TAT - Ordered to Collected' LIMIT 1), 17, 2025, 6, 11.77, 3699, '[SEED-2026-05-03-MODULES]', '2026-05-03T19:44:43Z', '2026-05-03T19:44:43Z');
INSERT OR REPLACE INTO pi_entries (metric_id, account_id, year, month, value, volume, notes, created_at, updated_at) VALUES ((SELECT id FROM pi_metrics WHERE account_id=17 AND name='Avg TAT - Collected to Received' LIMIT 1), 17, 2025, 6, 25.86, 2528, '[SEED-2026-05-03-MODULES]', '2026-05-03T19:44:43Z', '2026-05-03T19:44:43Z');
INSERT OR REPLACE INTO pi_entries (metric_id, account_id, year, month, value, volume, notes, created_at, updated_at) VALUES ((SELECT id FROM pi_metrics WHERE account_id=17 AND name='Avg TAT - Received to Resulted' LIMIT 1), 17, 2025, 6, 51.4, 3576, '[SEED-2026-05-03-MODULES]', '2026-05-03T19:44:43Z', '2026-05-03T19:44:43Z');
INSERT OR REPLACE INTO pi_entries (metric_id, account_id, year, month, value, volume, notes, created_at, updated_at) VALUES ((SELECT id FROM pi_metrics WHERE account_id=17 AND name='Avg TAT - Resulted to Verified' LIMIT 1), 17, 2025, 6, 7.38, 2716, '[SEED-2026-05-03-MODULES]', '2026-05-03T19:44:43Z', '2026-05-03T19:44:43Z');
INSERT OR REPLACE INTO pi_entries (metric_id, account_id, year, month, value, volume, notes, created_at, updated_at) VALUES ((SELECT id FROM pi_metrics WHERE account_id=17 AND name='Avg TAT - Ordered to Verified' LIMIT 1), 17, 2025, 6, 109.81, 2975, '[SEED-2026-05-03-MODULES]', '2026-05-03T19:44:43Z', '2026-05-03T19:44:43Z');
INSERT OR REPLACE INTO pi_entries (metric_id, account_id, year, month, value, volume, notes, created_at, updated_at) VALUES ((SELECT id FROM pi_metrics WHERE account_id=17 AND name='Critical Value Notification Rate' LIMIT 1), 17, 2025, 6, 98.26, 5259, '[SEED-2026-05-03-MODULES]', '2026-05-03T19:44:43Z', '2026-05-03T19:44:43Z');
INSERT OR REPLACE INTO pi_entries (metric_id, account_id, year, month, value, volume, notes, created_at, updated_at) VALUES ((SELECT id FROM pi_metrics WHERE account_id=17 AND name='Wasted Product Rate' LIMIT 1), 17, 2025, 7, 4.35, 5374, '[SEED-2026-05-03-MODULES]', '2026-05-03T19:44:43Z', '2026-05-03T19:44:43Z');
INSERT OR REPLACE INTO pi_entries (metric_id, account_id, year, month, value, volume, notes, created_at, updated_at) VALUES ((SELECT id FROM pi_metrics WHERE account_id=17 AND name='Transfusion Reaction Rate' LIMIT 1), 17, 2025, 7, 0.39, 914, '[SEED-2026-05-03-MODULES]', '2026-05-03T19:44:43Z', '2026-05-03T19:44:43Z');
INSERT OR REPLACE INTO pi_entries (metric_id, account_id, year, month, value, volume, notes, created_at, updated_at) VALUES ((SELECT id FROM pi_metrics WHERE account_id=17 AND name='Crossmatch-to-Transfusion Ratio' LIMIT 1), 17, 2025, 7, 2.77, 1565, '[SEED-2026-05-03-MODULES]', '2026-05-03T19:44:43Z', '2026-05-03T19:44:43Z');
INSERT OR REPLACE INTO pi_entries (metric_id, account_id, year, month, value, volume, notes, created_at, updated_at) VALUES ((SELECT id FROM pi_metrics WHERE account_id=17 AND name='C. difficile Rate' LIMIT 1), 17, 2025, 7, 5.05, 4982, '[SEED-2026-05-03-MODULES]', '2026-05-03T19:44:43Z', '2026-05-03T19:44:43Z');
INSERT OR REPLACE INTO pi_entries (metric_id, account_id, year, month, value, volume, notes, created_at, updated_at) VALUES ((SELECT id FROM pi_metrics WHERE account_id=17 AND name='MRSA Rate' LIMIT 1), 17, 2025, 7, 1.2, 2651, '[SEED-2026-05-03-MODULES]', '2026-05-03T19:44:43Z', '2026-05-03T19:44:43Z');
INSERT OR REPLACE INTO pi_entries (metric_id, account_id, year, month, value, volume, notes, created_at, updated_at) VALUES ((SELECT id FROM pi_metrics WHERE account_id=17 AND name='Blood Culture Contamination Rate' LIMIT 1), 17, 2025, 7, 1.8, 1504, '[SEED-2026-05-03-MODULES]', '2026-05-03T19:44:43Z', '2026-05-03T19:44:43Z');
INSERT OR REPLACE INTO pi_entries (metric_id, account_id, year, month, value, volume, notes, created_at, updated_at) VALUES ((SELECT id FROM pi_metrics WHERE account_id=17 AND name='Urine Contamination Rate' LIMIT 1), 17, 2025, 7, 4.19, 948, '[SEED-2026-05-03-MODULES]', '2026-05-03T19:44:43Z', '2026-05-03T19:44:43Z');
INSERT OR REPLACE INTO pi_entries (metric_id, account_id, year, month, value, volume, notes, created_at, updated_at) VALUES ((SELECT id FROM pi_metrics WHERE account_id=17 AND name='Avg TAT - Received to Verified' LIMIT 1), 17, 2025, 7, 59.28, 4196, '[SEED-2026-05-03-MODULES]', '2026-05-03T19:44:43Z', '2026-05-03T19:44:43Z');
INSERT OR REPLACE INTO pi_entries (metric_id, account_id, year, month, value, volume, notes, created_at, updated_at) VALUES ((SELECT id FROM pi_metrics WHERE account_id=17 AND name='Avg TAT - Ordered to Collected' LIMIT 1), 17, 2025, 7, 20.9, 1130, '[SEED-2026-05-03-MODULES]', '2026-05-03T19:44:43Z', '2026-05-03T19:44:43Z');
INSERT OR REPLACE INTO pi_entries (metric_id, account_id, year, month, value, volume, notes, created_at, updated_at) VALUES ((SELECT id FROM pi_metrics WHERE account_id=17 AND name='Avg TAT - Collected to Received' LIMIT 1), 17, 2025, 7, 27.83, 2212, '[SEED-2026-05-03-MODULES]', '2026-05-03T19:44:43Z', '2026-05-03T19:44:43Z');
INSERT OR REPLACE INTO pi_entries (metric_id, account_id, year, month, value, volume, notes, created_at, updated_at) VALUES ((SELECT id FROM pi_metrics WHERE account_id=17 AND name='Avg TAT - Received to Resulted' LIMIT 1), 17, 2025, 7, 54.8, 873, '[SEED-2026-05-03-MODULES]', '2026-05-03T19:44:43Z', '2026-05-03T19:44:43Z');
INSERT OR REPLACE INTO pi_entries (metric_id, account_id, year, month, value, volume, notes, created_at, updated_at) VALUES ((SELECT id FROM pi_metrics WHERE account_id=17 AND name='Avg TAT - Resulted to Verified' LIMIT 1), 17, 2025, 7, 12.24, 3783, '[SEED-2026-05-03-MODULES]', '2026-05-03T19:44:43Z', '2026-05-03T19:44:43Z');
INSERT OR REPLACE INTO pi_entries (metric_id, account_id, year, month, value, volume, notes, created_at, updated_at) VALUES ((SELECT id FROM pi_metrics WHERE account_id=17 AND name='Avg TAT - Ordered to Verified' LIMIT 1), 17, 2025, 7, 68.82, 2129, '[SEED-2026-05-03-MODULES]', '2026-05-03T19:44:43Z', '2026-05-03T19:44:43Z');
INSERT OR REPLACE INTO pi_entries (metric_id, account_id, year, month, value, volume, notes, created_at, updated_at) VALUES ((SELECT id FROM pi_metrics WHERE account_id=17 AND name='Critical Value Notification Rate' LIMIT 1), 17, 2025, 7, 96.69, 921, '[SEED-2026-05-03-MODULES]', '2026-05-03T19:44:43Z', '2026-05-03T19:44:43Z');
INSERT OR REPLACE INTO pi_entries (metric_id, account_id, year, month, value, volume, notes, created_at, updated_at) VALUES ((SELECT id FROM pi_metrics WHERE account_id=17 AND name='Wasted Product Rate' LIMIT 1), 17, 2025, 8, 2.09, 1477, '[SEED-2026-05-03-MODULES]', '2026-05-03T19:44:43Z', '2026-05-03T19:44:43Z');
INSERT OR REPLACE INTO pi_entries (metric_id, account_id, year, month, value, volume, notes, created_at, updated_at) VALUES ((SELECT id FROM pi_metrics WHERE account_id=17 AND name='Transfusion Reaction Rate' LIMIT 1), 17, 2025, 8, 0.96, 3068, '[SEED-2026-05-03-MODULES]', '2026-05-03T19:44:43Z', '2026-05-03T19:44:43Z');
INSERT OR REPLACE INTO pi_entries (metric_id, account_id, year, month, value, volume, notes, created_at, updated_at) VALUES ((SELECT id FROM pi_metrics WHERE account_id=17 AND name='Crossmatch-to-Transfusion Ratio' LIMIT 1), 17, 2025, 8, 1.82, 2646, '[SEED-2026-05-03-MODULES]', '2026-05-03T19:44:43Z', '2026-05-03T19:44:43Z');
INSERT OR REPLACE INTO pi_entries (metric_id, account_id, year, month, value, volume, notes, created_at, updated_at) VALUES ((SELECT id FROM pi_metrics WHERE account_id=17 AND name='C. difficile Rate' LIMIT 1), 17, 2025, 8, 2.89, 3049, '[SEED-2026-05-03-MODULES]', '2026-05-03T19:44:43Z', '2026-05-03T19:44:43Z');
INSERT OR REPLACE INTO pi_entries (metric_id, account_id, year, month, value, volume, notes, created_at, updated_at) VALUES ((SELECT id FROM pi_metrics WHERE account_id=17 AND name='MRSA Rate' LIMIT 1), 17, 2025, 8, 1.2, 4325, '[SEED-2026-05-03-MODULES]', '2026-05-03T19:44:43Z', '2026-05-03T19:44:43Z');
INSERT OR REPLACE INTO pi_entries (metric_id, account_id, year, month, value, volume, notes, created_at, updated_at) VALUES ((SELECT id FROM pi_metrics WHERE account_id=17 AND name='Blood Culture Contamination Rate' LIMIT 1), 17, 2025, 8, 1.12, 2668, '[SEED-2026-05-03-MODULES]', '2026-05-03T19:44:43Z', '2026-05-03T19:44:43Z');
INSERT OR REPLACE INTO pi_entries (metric_id, account_id, year, month, value, volume, notes, created_at, updated_at) VALUES ((SELECT id FROM pi_metrics WHERE account_id=17 AND name='Urine Contamination Rate' LIMIT 1), 17, 2025, 8, 4.88, 4725, '[SEED-2026-05-03-MODULES]', '2026-05-03T19:44:43Z', '2026-05-03T19:44:43Z');
INSERT OR REPLACE INTO pi_entries (metric_id, account_id, year, month, value, volume, notes, created_at, updated_at) VALUES ((SELECT id FROM pi_metrics WHERE account_id=17 AND name='Avg TAT - Received to Verified' LIMIT 1), 17, 2025, 8, 45.26, 1228, '[SEED-2026-05-03-MODULES]', '2026-05-03T19:44:43Z', '2026-05-03T19:44:43Z');
INSERT OR REPLACE INTO pi_entries (metric_id, account_id, year, month, value, volume, notes, created_at, updated_at) VALUES ((SELECT id FROM pi_metrics WHERE account_id=17 AND name='Avg TAT - Ordered to Collected' LIMIT 1), 17, 2025, 8, 24.51, 3032, '[SEED-2026-05-03-MODULES]', '2026-05-03T19:44:43Z', '2026-05-03T19:44:43Z');
INSERT OR REPLACE INTO pi_entries (metric_id, account_id, year, month, value, volume, notes, created_at, updated_at) VALUES ((SELECT id FROM pi_metrics WHERE account_id=17 AND name='Avg TAT - Collected to Received' LIMIT 1), 17, 2025, 8, 39.1, 5129, '[SEED-2026-05-03-MODULES]', '2026-05-03T19:44:43Z', '2026-05-03T19:44:43Z');
INSERT OR REPLACE INTO pi_entries (metric_id, account_id, year, month, value, volume, notes, created_at, updated_at) VALUES ((SELECT id FROM pi_metrics WHERE account_id=17 AND name='Avg TAT - Received to Resulted' LIMIT 1), 17, 2025, 8, 40.02, 2979, '[SEED-2026-05-03-MODULES]', '2026-05-03T19:44:43Z', '2026-05-03T19:44:43Z');
INSERT OR REPLACE INTO pi_entries (metric_id, account_id, year, month, value, volume, notes, created_at, updated_at) VALUES ((SELECT id FROM pi_metrics WHERE account_id=17 AND name='Avg TAT - Resulted to Verified' LIMIT 1), 17, 2025, 8, 9.5, 2636, '[SEED-2026-05-03-MODULES]', '2026-05-03T19:44:43Z', '2026-05-03T19:44:43Z');
INSERT OR REPLACE INTO pi_entries (metric_id, account_id, year, month, value, volume, notes, created_at, updated_at) VALUES ((SELECT id FROM pi_metrics WHERE account_id=17 AND name='Avg TAT - Ordered to Verified' LIMIT 1), 17, 2025, 8, 76.69, 1063, '[SEED-2026-05-03-MODULES]', '2026-05-03T19:44:43Z', '2026-05-03T19:44:43Z');
INSERT OR REPLACE INTO pi_entries (metric_id, account_id, year, month, value, volume, notes, created_at, updated_at) VALUES ((SELECT id FROM pi_metrics WHERE account_id=17 AND name='Critical Value Notification Rate' LIMIT 1), 17, 2025, 8, 94.26, 1974, '[SEED-2026-05-03-MODULES]', '2026-05-03T19:44:43Z', '2026-05-03T19:44:43Z');
INSERT OR REPLACE INTO pi_entries (metric_id, account_id, year, month, value, volume, notes, created_at, updated_at) VALUES ((SELECT id FROM pi_metrics WHERE account_id=17 AND name='Wasted Product Rate' LIMIT 1), 17, 2025, 9, 0.52, 4643, '[SEED-2026-05-03-MODULES]', '2026-05-03T19:44:43Z', '2026-05-03T19:44:43Z');
INSERT OR REPLACE INTO pi_entries (metric_id, account_id, year, month, value, volume, notes, created_at, updated_at) VALUES ((SELECT id FROM pi_metrics WHERE account_id=17 AND name='Transfusion Reaction Rate' LIMIT 1), 17, 2025, 9, 1.07, 1891, '[SEED-2026-05-03-MODULES]', '2026-05-03T19:44:43Z', '2026-05-03T19:44:43Z');
INSERT OR REPLACE INTO pi_entries (metric_id, account_id, year, month, value, volume, notes, created_at, updated_at) VALUES ((SELECT id FROM pi_metrics WHERE account_id=17 AND name='Crossmatch-to-Transfusion Ratio' LIMIT 1), 17, 2025, 9, 1.92, 889, '[SEED-2026-05-03-MODULES]', '2026-05-03T19:44:43Z', '2026-05-03T19:44:43Z');
INSERT OR REPLACE INTO pi_entries (metric_id, account_id, year, month, value, volume, notes, created_at, updated_at) VALUES ((SELECT id FROM pi_metrics WHERE account_id=17 AND name='C. difficile Rate' LIMIT 1), 17, 2025, 9, 2.01, 5367, '[SEED-2026-05-03-MODULES]', '2026-05-03T19:44:43Z', '2026-05-03T19:44:43Z');
INSERT OR REPLACE INTO pi_entries (metric_id, account_id, year, month, value, volume, notes, created_at, updated_at) VALUES ((SELECT id FROM pi_metrics WHERE account_id=17 AND name='MRSA Rate' LIMIT 1), 17, 2025, 9, 1.68, 5202, '[SEED-2026-05-03-MODULES]', '2026-05-03T19:44:43Z', '2026-05-03T19:44:43Z');
INSERT OR REPLACE INTO pi_entries (metric_id, account_id, year, month, value, volume, notes, created_at, updated_at) VALUES ((SELECT id FROM pi_metrics WHERE account_id=17 AND name='Blood Culture Contamination Rate' LIMIT 1), 17, 2025, 9, 1.49, 4738, '[SEED-2026-05-03-MODULES]', '2026-05-03T19:44:43Z', '2026-05-03T19:44:43Z');
INSERT OR REPLACE INTO pi_entries (metric_id, account_id, year, month, value, volume, notes, created_at, updated_at) VALUES ((SELECT id FROM pi_metrics WHERE account_id=17 AND name='Urine Contamination Rate' LIMIT 1), 17, 2025, 9, 1.54, 919, '[SEED-2026-05-03-MODULES]', '2026-05-03T19:44:43Z', '2026-05-03T19:44:43Z');
INSERT OR REPLACE INTO pi_entries (metric_id, account_id, year, month, value, volume, notes, created_at, updated_at) VALUES ((SELECT id FROM pi_metrics WHERE account_id=17 AND name='Avg TAT - Received to Verified' LIMIT 1), 17, 2025, 9, 72.59, 1120, '[SEED-2026-05-03-MODULES]', '2026-05-03T19:44:43Z', '2026-05-03T19:44:43Z');
INSERT OR REPLACE INTO pi_entries (metric_id, account_id, year, month, value, volume, notes, created_at, updated_at) VALUES ((SELECT id FROM pi_metrics WHERE account_id=17 AND name='Avg TAT - Ordered to Collected' LIMIT 1), 17, 2025, 9, 29.76, 928, '[SEED-2026-05-03-MODULES]', '2026-05-03T19:44:43Z', '2026-05-03T19:44:43Z');
INSERT OR REPLACE INTO pi_entries (metric_id, account_id, year, month, value, volume, notes, created_at, updated_at) VALUES ((SELECT id FROM pi_metrics WHERE account_id=17 AND name='Avg TAT - Collected to Received' LIMIT 1), 17, 2025, 9, 37.36, 5054, '[SEED-2026-05-03-MODULES]', '2026-05-03T19:44:43Z', '2026-05-03T19:44:43Z');
INSERT OR REPLACE INTO pi_entries (metric_id, account_id, year, month, value, volume, notes, created_at, updated_at) VALUES ((SELECT id FROM pi_metrics WHERE account_id=17 AND name='Avg TAT - Received to Resulted' LIMIT 1), 17, 2025, 9, 27.97, 3826, '[SEED-2026-05-03-MODULES]', '2026-05-03T19:44:43Z', '2026-05-03T19:44:43Z');
INSERT OR REPLACE INTO pi_entries (metric_id, account_id, year, month, value, volume, notes, created_at, updated_at) VALUES ((SELECT id FROM pi_metrics WHERE account_id=17 AND name='Avg TAT - Resulted to Verified' LIMIT 1), 17, 2025, 9, 19.71, 1948, '[SEED-2026-05-03-MODULES]', '2026-05-03T19:44:43Z', '2026-05-03T19:44:43Z');
INSERT OR REPLACE INTO pi_entries (metric_id, account_id, year, month, value, volume, notes, created_at, updated_at) VALUES ((SELECT id FROM pi_metrics WHERE account_id=17 AND name='Avg TAT - Ordered to Verified' LIMIT 1), 17, 2025, 9, 114.8, 905, '[SEED-2026-05-03-MODULES]', '2026-05-03T19:44:43Z', '2026-05-03T19:44:43Z');
INSERT OR REPLACE INTO pi_entries (metric_id, account_id, year, month, value, volume, notes, created_at, updated_at) VALUES ((SELECT id FROM pi_metrics WHERE account_id=17 AND name='Critical Value Notification Rate' LIMIT 1), 17, 2025, 9, 94.34, 3007, '[SEED-2026-05-03-MODULES]', '2026-05-03T19:44:43Z', '2026-05-03T19:44:43Z');
INSERT OR REPLACE INTO pi_entries (metric_id, account_id, year, month, value, volume, notes, created_at, updated_at) VALUES ((SELECT id FROM pi_metrics WHERE account_id=17 AND name='Wasted Product Rate' LIMIT 1), 17, 2025, 10, 2.88, 4177, '[SEED-2026-05-03-MODULES]', '2026-05-03T19:44:43Z', '2026-05-03T19:44:43Z');
INSERT OR REPLACE INTO pi_entries (metric_id, account_id, year, month, value, volume, notes, created_at, updated_at) VALUES ((SELECT id FROM pi_metrics WHERE account_id=17 AND name='Transfusion Reaction Rate' LIMIT 1), 17, 2025, 10, 0.43, 5281, '[SEED-2026-05-03-MODULES]', '2026-05-03T19:44:43Z', '2026-05-03T19:44:43Z');
INSERT OR REPLACE INTO pi_entries (metric_id, account_id, year, month, value, volume, notes, created_at, updated_at) VALUES ((SELECT id FROM pi_metrics WHERE account_id=17 AND name='Crossmatch-to-Transfusion Ratio' LIMIT 1), 17, 2025, 10, 1.57, 5046, '[SEED-2026-05-03-MODULES]', '2026-05-03T19:44:43Z', '2026-05-03T19:44:43Z');
INSERT OR REPLACE INTO pi_entries (metric_id, account_id, year, month, value, volume, notes, created_at, updated_at) VALUES ((SELECT id FROM pi_metrics WHERE account_id=17 AND name='C. difficile Rate' LIMIT 1), 17, 2025, 10, 5.19, 1892, '[SEED-2026-05-03-MODULES]', '2026-05-03T19:44:43Z', '2026-05-03T19:44:43Z');
INSERT OR REPLACE INTO pi_entries (metric_id, account_id, year, month, value, volume, notes, created_at, updated_at) VALUES ((SELECT id FROM pi_metrics WHERE account_id=17 AND name='MRSA Rate' LIMIT 1), 17, 2025, 10, 1.59, 2645, '[SEED-2026-05-03-MODULES]', '2026-05-03T19:44:43Z', '2026-05-03T19:44:43Z');
INSERT OR REPLACE INTO pi_entries (metric_id, account_id, year, month, value, volume, notes, created_at, updated_at) VALUES ((SELECT id FROM pi_metrics WHERE account_id=17 AND name='Blood Culture Contamination Rate' LIMIT 1), 17, 2025, 10, 1.58, 3876, '[SEED-2026-05-03-MODULES]', '2026-05-03T19:44:43Z', '2026-05-03T19:44:43Z');
INSERT OR REPLACE INTO pi_entries (metric_id, account_id, year, month, value, volume, notes, created_at, updated_at) VALUES ((SELECT id FROM pi_metrics WHERE account_id=17 AND name='Urine Contamination Rate' LIMIT 1), 17, 2025, 10, 4.56, 858, '[SEED-2026-05-03-MODULES]', '2026-05-03T19:44:43Z', '2026-05-03T19:44:43Z');
INSERT OR REPLACE INTO pi_entries (metric_id, account_id, year, month, value, volume, notes, created_at, updated_at) VALUES ((SELECT id FROM pi_metrics WHERE account_id=17 AND name='Avg TAT - Received to Verified' LIMIT 1), 17, 2025, 10, 74.52, 2938, '[SEED-2026-05-03-MODULES]', '2026-05-03T19:44:43Z', '2026-05-03T19:44:43Z');
INSERT OR REPLACE INTO pi_entries (metric_id, account_id, year, month, value, volume, notes, created_at, updated_at) VALUES ((SELECT id FROM pi_metrics WHERE account_id=17 AND name='Avg TAT - Ordered to Collected' LIMIT 1), 17, 2025, 10, 19.73, 2526, '[SEED-2026-05-03-MODULES]', '2026-05-03T19:44:43Z', '2026-05-03T19:44:43Z');
INSERT OR REPLACE INTO pi_entries (metric_id, account_id, year, month, value, volume, notes, created_at, updated_at) VALUES ((SELECT id FROM pi_metrics WHERE account_id=17 AND name='Avg TAT - Collected to Received' LIMIT 1), 17, 2025, 10, 41.33, 930, '[SEED-2026-05-03-MODULES]', '2026-05-03T19:44:43Z', '2026-05-03T19:44:43Z');
INSERT OR REPLACE INTO pi_entries (metric_id, account_id, year, month, value, volume, notes, created_at, updated_at) VALUES ((SELECT id FROM pi_metrics WHERE account_id=17 AND name='Avg TAT - Received to Resulted' LIMIT 1), 17, 2025, 10, 40.52, 4073, '[SEED-2026-05-03-MODULES]', '2026-05-03T19:44:43Z', '2026-05-03T19:44:43Z');
INSERT OR REPLACE INTO pi_entries (metric_id, account_id, year, month, value, volume, notes, created_at, updated_at) VALUES ((SELECT id FROM pi_metrics WHERE account_id=17 AND name='Avg TAT - Resulted to Verified' LIMIT 1), 17, 2025, 10, 12.51, 1353, '[SEED-2026-05-03-MODULES]', '2026-05-03T19:44:43Z', '2026-05-03T19:44:43Z');
INSERT OR REPLACE INTO pi_entries (metric_id, account_id, year, month, value, volume, notes, created_at, updated_at) VALUES ((SELECT id FROM pi_metrics WHERE account_id=17 AND name='Avg TAT - Ordered to Verified' LIMIT 1), 17, 2025, 10, 103.11, 1731, '[SEED-2026-05-03-MODULES]', '2026-05-03T19:44:43Z', '2026-05-03T19:44:43Z');
INSERT OR REPLACE INTO pi_entries (metric_id, account_id, year, month, value, volume, notes, created_at, updated_at) VALUES ((SELECT id FROM pi_metrics WHERE account_id=17 AND name='Critical Value Notification Rate' LIMIT 1), 17, 2025, 10, 98.93, 4430, '[SEED-2026-05-03-MODULES]', '2026-05-03T19:44:43Z', '2026-05-03T19:44:43Z');
INSERT OR REPLACE INTO pi_entries (metric_id, account_id, year, month, value, volume, notes, created_at, updated_at) VALUES ((SELECT id FROM pi_metrics WHERE account_id=17 AND name='Wasted Product Rate' LIMIT 1), 17, 2025, 11, 2.44, 3523, '[SEED-2026-05-03-MODULES]', '2026-05-03T19:44:43Z', '2026-05-03T19:44:43Z');
INSERT OR REPLACE INTO pi_entries (metric_id, account_id, year, month, value, volume, notes, created_at, updated_at) VALUES ((SELECT id FROM pi_metrics WHERE account_id=17 AND name='Transfusion Reaction Rate' LIMIT 1), 17, 2025, 11, 1.07, 5169, '[SEED-2026-05-03-MODULES]', '2026-05-03T19:44:43Z', '2026-05-03T19:44:43Z');
INSERT OR REPLACE INTO pi_entries (metric_id, account_id, year, month, value, volume, notes, created_at, updated_at) VALUES ((SELECT id FROM pi_metrics WHERE account_id=17 AND name='Crossmatch-to-Transfusion Ratio' LIMIT 1), 17, 2025, 11, 1.65, 2495, '[SEED-2026-05-03-MODULES]', '2026-05-03T19:44:43Z', '2026-05-03T19:44:43Z');
INSERT OR REPLACE INTO pi_entries (metric_id, account_id, year, month, value, volume, notes, created_at, updated_at) VALUES ((SELECT id FROM pi_metrics WHERE account_id=17 AND name='C. difficile Rate' LIMIT 1), 17, 2025, 11, 3.83, 3728, '[SEED-2026-05-03-MODULES]', '2026-05-03T19:44:43Z', '2026-05-03T19:44:43Z');
INSERT OR REPLACE INTO pi_entries (metric_id, account_id, year, month, value, volume, notes, created_at, updated_at) VALUES ((SELECT id FROM pi_metrics WHERE account_id=17 AND name='MRSA Rate' LIMIT 1), 17, 2025, 11, 1.91, 5288, '[SEED-2026-05-03-MODULES]', '2026-05-03T19:44:43Z', '2026-05-03T19:44:43Z');
INSERT OR REPLACE INTO pi_entries (metric_id, account_id, year, month, value, volume, notes, created_at, updated_at) VALUES ((SELECT id FROM pi_metrics WHERE account_id=17 AND name='Blood Culture Contamination Rate' LIMIT 1), 17, 2025, 11, 2.43, 4440, '[SEED-2026-05-03-MODULES]', '2026-05-03T19:44:43Z', '2026-05-03T19:44:43Z');
INSERT OR REPLACE INTO pi_entries (metric_id, account_id, year, month, value, volume, notes, created_at, updated_at) VALUES ((SELECT id FROM pi_metrics WHERE account_id=17 AND name='Urine Contamination Rate' LIMIT 1), 17, 2025, 11, 1.17, 2584, '[SEED-2026-05-03-MODULES]', '2026-05-03T19:44:43Z', '2026-05-03T19:44:43Z');
INSERT OR REPLACE INTO pi_entries (metric_id, account_id, year, month, value, volume, notes, created_at, updated_at) VALUES ((SELECT id FROM pi_metrics WHERE account_id=17 AND name='Avg TAT - Received to Verified' LIMIT 1), 17, 2025, 11, 78.16, 5215, '[SEED-2026-05-03-MODULES]', '2026-05-03T19:44:43Z', '2026-05-03T19:44:43Z');
INSERT OR REPLACE INTO pi_entries (metric_id, account_id, year, month, value, volume, notes, created_at, updated_at) VALUES ((SELECT id FROM pi_metrics WHERE account_id=17 AND name='Avg TAT - Ordered to Collected' LIMIT 1), 17, 2025, 11, 18.54, 5231, '[SEED-2026-05-03-MODULES]', '2026-05-03T19:44:43Z', '2026-05-03T19:44:43Z');
INSERT OR REPLACE INTO pi_entries (metric_id, account_id, year, month, value, volume, notes, created_at, updated_at) VALUES ((SELECT id FROM pi_metrics WHERE account_id=17 AND name='Avg TAT - Collected to Received' LIMIT 1), 17, 2025, 11, 16.85, 2154, '[SEED-2026-05-03-MODULES]', '2026-05-03T19:44:43Z', '2026-05-03T19:44:43Z');
INSERT OR REPLACE INTO pi_entries (metric_id, account_id, year, month, value, volume, notes, created_at, updated_at) VALUES ((SELECT id FROM pi_metrics WHERE account_id=17 AND name='Avg TAT - Received to Resulted' LIMIT 1), 17, 2025, 11, 20.21, 4034, '[SEED-2026-05-03-MODULES]', '2026-05-03T19:44:43Z', '2026-05-03T19:44:43Z');
INSERT OR REPLACE INTO pi_entries (metric_id, account_id, year, month, value, volume, notes, created_at, updated_at) VALUES ((SELECT id FROM pi_metrics WHERE account_id=17 AND name='Avg TAT - Resulted to Verified' LIMIT 1), 17, 2025, 11, 12.64, 2925, '[SEED-2026-05-03-MODULES]', '2026-05-03T19:44:43Z', '2026-05-03T19:44:43Z');
INSERT OR REPLACE INTO pi_entries (metric_id, account_id, year, month, value, volume, notes, created_at, updated_at) VALUES ((SELECT id FROM pi_metrics WHERE account_id=17 AND name='Avg TAT - Ordered to Verified' LIMIT 1), 17, 2025, 11, 121.97, 4264, '[SEED-2026-05-03-MODULES]', '2026-05-03T19:44:43Z', '2026-05-03T19:44:43Z');
INSERT OR REPLACE INTO pi_entries (metric_id, account_id, year, month, value, volume, notes, created_at, updated_at) VALUES ((SELECT id FROM pi_metrics WHERE account_id=17 AND name='Critical Value Notification Rate' LIMIT 1), 17, 2025, 11, 93.28, 1134, '[SEED-2026-05-03-MODULES]', '2026-05-03T19:44:43Z', '2026-05-03T19:44:43Z');
INSERT OR REPLACE INTO pi_entries (metric_id, account_id, year, month, value, volume, notes, created_at, updated_at) VALUES ((SELECT id FROM pi_metrics WHERE account_id=17 AND name='Wasted Product Rate' LIMIT 1), 17, 2025, 12, 3.8, 3913, '[SEED-2026-05-03-MODULES]', '2026-05-03T19:44:43Z', '2026-05-03T19:44:43Z');
INSERT OR REPLACE INTO pi_entries (metric_id, account_id, year, month, value, volume, notes, created_at, updated_at) VALUES ((SELECT id FROM pi_metrics WHERE account_id=17 AND name='Transfusion Reaction Rate' LIMIT 1), 17, 2025, 12, 0.74, 1712, '[SEED-2026-05-03-MODULES]', '2026-05-03T19:44:43Z', '2026-05-03T19:44:43Z');
INSERT OR REPLACE INTO pi_entries (metric_id, account_id, year, month, value, volume, notes, created_at, updated_at) VALUES ((SELECT id FROM pi_metrics WHERE account_id=17 AND name='Crossmatch-to-Transfusion Ratio' LIMIT 1), 17, 2025, 12, 1.51, 4790, '[SEED-2026-05-03-MODULES]', '2026-05-03T19:44:43Z', '2026-05-03T19:44:43Z');
INSERT OR REPLACE INTO pi_entries (metric_id, account_id, year, month, value, volume, notes, created_at, updated_at) VALUES ((SELECT id FROM pi_metrics WHERE account_id=17 AND name='C. difficile Rate' LIMIT 1), 17, 2025, 12, 2.83, 1133, '[SEED-2026-05-03-MODULES]', '2026-05-03T19:44:43Z', '2026-05-03T19:44:43Z');
INSERT OR REPLACE INTO pi_entries (metric_id, account_id, year, month, value, volume, notes, created_at, updated_at) VALUES ((SELECT id FROM pi_metrics WHERE account_id=17 AND name='MRSA Rate' LIMIT 1), 17, 2025, 12, 1.82, 5055, '[SEED-2026-05-03-MODULES]', '2026-05-03T19:44:43Z', '2026-05-03T19:44:43Z');
INSERT OR REPLACE INTO pi_entries (metric_id, account_id, year, month, value, volume, notes, created_at, updated_at) VALUES ((SELECT id FROM pi_metrics WHERE account_id=17 AND name='Blood Culture Contamination Rate' LIMIT 1), 17, 2025, 12, 2.29, 2721, '[SEED-2026-05-03-MODULES]', '2026-05-03T19:44:43Z', '2026-05-03T19:44:43Z');
INSERT OR REPLACE INTO pi_entries (metric_id, account_id, year, month, value, volume, notes, created_at, updated_at) VALUES ((SELECT id FROM pi_metrics WHERE account_id=17 AND name='Urine Contamination Rate' LIMIT 1), 17, 2025, 12, 3.47, 3528, '[SEED-2026-05-03-MODULES]', '2026-05-03T19:44:43Z', '2026-05-03T19:44:43Z');
INSERT OR REPLACE INTO pi_entries (metric_id, account_id, year, month, value, volume, notes, created_at, updated_at) VALUES ((SELECT id FROM pi_metrics WHERE account_id=17 AND name='Avg TAT - Received to Verified' LIMIT 1), 17, 2025, 12, 77.36, 5232, '[SEED-2026-05-03-MODULES]', '2026-05-03T19:44:43Z', '2026-05-03T19:44:43Z');
INSERT OR REPLACE INTO pi_entries (metric_id, account_id, year, month, value, volume, notes, created_at, updated_at) VALUES ((SELECT id FROM pi_metrics WHERE account_id=17 AND name='Avg TAT - Ordered to Collected' LIMIT 1), 17, 2025, 12, 29.35, 4933, '[SEED-2026-05-03-MODULES]', '2026-05-03T19:44:43Z', '2026-05-03T19:44:43Z');
INSERT OR REPLACE INTO pi_entries (metric_id, account_id, year, month, value, volume, notes, created_at, updated_at) VALUES ((SELECT id FROM pi_metrics WHERE account_id=17 AND name='Avg TAT - Collected to Received' LIMIT 1), 17, 2025, 12, 29.94, 5334, '[SEED-2026-05-03-MODULES]', '2026-05-03T19:44:43Z', '2026-05-03T19:44:43Z');
INSERT OR REPLACE INTO pi_entries (metric_id, account_id, year, month, value, volume, notes, created_at, updated_at) VALUES ((SELECT id FROM pi_metrics WHERE account_id=17 AND name='Avg TAT - Received to Resulted' LIMIT 1), 17, 2025, 12, 42.24, 4879, '[SEED-2026-05-03-MODULES]', '2026-05-03T19:44:43Z', '2026-05-03T19:44:43Z');
INSERT OR REPLACE INTO pi_entries (metric_id, account_id, year, month, value, volume, notes, created_at, updated_at) VALUES ((SELECT id FROM pi_metrics WHERE account_id=17 AND name='Avg TAT - Resulted to Verified' LIMIT 1), 17, 2025, 12, 11.3, 1307, '[SEED-2026-05-03-MODULES]', '2026-05-03T19:44:43Z', '2026-05-03T19:44:43Z');
INSERT OR REPLACE INTO pi_entries (metric_id, account_id, year, month, value, volume, notes, created_at, updated_at) VALUES ((SELECT id FROM pi_metrics WHERE account_id=17 AND name='Avg TAT - Ordered to Verified' LIMIT 1), 17, 2025, 12, 108.7, 5461, '[SEED-2026-05-03-MODULES]', '2026-05-03T19:44:43Z', '2026-05-03T19:44:43Z');
INSERT OR REPLACE INTO pi_entries (metric_id, account_id, year, month, value, volume, notes, created_at, updated_at) VALUES ((SELECT id FROM pi_metrics WHERE account_id=17 AND name='Critical Value Notification Rate' LIMIT 1), 17, 2025, 12, 94.9, 4335, '[SEED-2026-05-03-MODULES]', '2026-05-03T19:44:43Z', '2026-05-03T19:44:43Z');
INSERT OR REPLACE INTO pi_entries (metric_id, account_id, year, month, value, volume, notes, created_at, updated_at) VALUES ((SELECT id FROM pi_metrics WHERE account_id=17 AND name='Wasted Product Rate' LIMIT 1), 17, 2026, 1, 1.19, 2861, '[SEED-2026-05-03-MODULES]', '2026-05-03T19:44:43Z', '2026-05-03T19:44:43Z');
INSERT OR REPLACE INTO pi_entries (metric_id, account_id, year, month, value, volume, notes, created_at, updated_at) VALUES ((SELECT id FROM pi_metrics WHERE account_id=17 AND name='Transfusion Reaction Rate' LIMIT 1), 17, 2026, 1, 0.75, 4630, '[SEED-2026-05-03-MODULES]', '2026-05-03T19:44:43Z', '2026-05-03T19:44:43Z');
INSERT OR REPLACE INTO pi_entries (metric_id, account_id, year, month, value, volume, notes, created_at, updated_at) VALUES ((SELECT id FROM pi_metrics WHERE account_id=17 AND name='Crossmatch-to-Transfusion Ratio' LIMIT 1), 17, 2026, 1, 2.17, 2313, '[SEED-2026-05-03-MODULES]', '2026-05-03T19:44:43Z', '2026-05-03T19:44:43Z');
INSERT OR REPLACE INTO pi_entries (metric_id, account_id, year, month, value, volume, notes, created_at, updated_at) VALUES ((SELECT id FROM pi_metrics WHERE account_id=17 AND name='C. difficile Rate' LIMIT 1), 17, 2026, 1, 1.94, 4801, '[SEED-2026-05-03-MODULES]', '2026-05-03T19:44:43Z', '2026-05-03T19:44:43Z');
INSERT OR REPLACE INTO pi_entries (metric_id, account_id, year, month, value, volume, notes, created_at, updated_at) VALUES ((SELECT id FROM pi_metrics WHERE account_id=17 AND name='MRSA Rate' LIMIT 1), 17, 2026, 1, 3.12, 2263, '[SEED-2026-05-03-MODULES]', '2026-05-03T19:44:43Z', '2026-05-03T19:44:43Z');
INSERT OR REPLACE INTO pi_entries (metric_id, account_id, year, month, value, volume, notes, created_at, updated_at) VALUES ((SELECT id FROM pi_metrics WHERE account_id=17 AND name='Blood Culture Contamination Rate' LIMIT 1), 17, 2026, 1, 2.11, 4568, '[SEED-2026-05-03-MODULES]', '2026-05-03T19:44:43Z', '2026-05-03T19:44:43Z');
INSERT OR REPLACE INTO pi_entries (metric_id, account_id, year, month, value, volume, notes, created_at, updated_at) VALUES ((SELECT id FROM pi_metrics WHERE account_id=17 AND name='Urine Contamination Rate' LIMIT 1), 17, 2026, 1, 1.97, 3798, '[SEED-2026-05-03-MODULES]', '2026-05-03T19:44:43Z', '2026-05-03T19:44:43Z');
INSERT OR REPLACE INTO pi_entries (metric_id, account_id, year, month, value, volume, notes, created_at, updated_at) VALUES ((SELECT id FROM pi_metrics WHERE account_id=17 AND name='Avg TAT - Received to Verified' LIMIT 1), 17, 2026, 1, 43.15, 1937, '[SEED-2026-05-03-MODULES]', '2026-05-03T19:44:43Z', '2026-05-03T19:44:43Z');
INSERT OR REPLACE INTO pi_entries (metric_id, account_id, year, month, value, volume, notes, created_at, updated_at) VALUES ((SELECT id FROM pi_metrics WHERE account_id=17 AND name='Avg TAT - Ordered to Collected' LIMIT 1), 17, 2026, 1, 22.03, 5131, '[SEED-2026-05-03-MODULES]', '2026-05-03T19:44:43Z', '2026-05-03T19:44:43Z');
INSERT OR REPLACE INTO pi_entries (metric_id, account_id, year, month, value, volume, notes, created_at, updated_at) VALUES ((SELECT id FROM pi_metrics WHERE account_id=17 AND name='Avg TAT - Collected to Received' LIMIT 1), 17, 2026, 1, 41.77, 4148, '[SEED-2026-05-03-MODULES]', '2026-05-03T19:44:43Z', '2026-05-03T19:44:43Z');
INSERT OR REPLACE INTO pi_entries (metric_id, account_id, year, month, value, volume, notes, created_at, updated_at) VALUES ((SELECT id FROM pi_metrics WHERE account_id=17 AND name='Avg TAT - Received to Resulted' LIMIT 1), 17, 2026, 1, 39.93, 1950, '[SEED-2026-05-03-MODULES]', '2026-05-03T19:44:43Z', '2026-05-03T19:44:43Z');
INSERT OR REPLACE INTO pi_entries (metric_id, account_id, year, month, value, volume, notes, created_at, updated_at) VALUES ((SELECT id FROM pi_metrics WHERE account_id=17 AND name='Avg TAT - Resulted to Verified' LIMIT 1), 17, 2026, 1, 8.13, 3238, '[SEED-2026-05-03-MODULES]', '2026-05-03T19:44:43Z', '2026-05-03T19:44:43Z');
INSERT OR REPLACE INTO pi_entries (metric_id, account_id, year, month, value, volume, notes, created_at, updated_at) VALUES ((SELECT id FROM pi_metrics WHERE account_id=17 AND name='Avg TAT - Ordered to Verified' LIMIT 1), 17, 2026, 1, 91.27, 4955, '[SEED-2026-05-03-MODULES]', '2026-05-03T19:44:43Z', '2026-05-03T19:44:43Z');
INSERT OR REPLACE INTO pi_entries (metric_id, account_id, year, month, value, volume, notes, created_at, updated_at) VALUES ((SELECT id FROM pi_metrics WHERE account_id=17 AND name='Critical Value Notification Rate' LIMIT 1), 17, 2026, 1, 98.22, 1527, '[SEED-2026-05-03-MODULES]', '2026-05-03T19:44:43Z', '2026-05-03T19:44:43Z');
INSERT OR REPLACE INTO pi_entries (metric_id, account_id, year, month, value, volume, notes, created_at, updated_at) VALUES ((SELECT id FROM pi_metrics WHERE account_id=17 AND name='Wasted Product Rate' LIMIT 1), 17, 2026, 2, 3.78, 3152, '[SEED-2026-05-03-MODULES]', '2026-05-03T19:44:43Z', '2026-05-03T19:44:43Z');
INSERT OR REPLACE INTO pi_entries (metric_id, account_id, year, month, value, volume, notes, created_at, updated_at) VALUES ((SELECT id FROM pi_metrics WHERE account_id=17 AND name='Transfusion Reaction Rate' LIMIT 1), 17, 2026, 2, 0.87, 3164, '[SEED-2026-05-03-MODULES]', '2026-05-03T19:44:43Z', '2026-05-03T19:44:43Z');
INSERT OR REPLACE INTO pi_entries (metric_id, account_id, year, month, value, volume, notes, created_at, updated_at) VALUES ((SELECT id FROM pi_metrics WHERE account_id=17 AND name='Crossmatch-to-Transfusion Ratio' LIMIT 1), 17, 2026, 2, 2.59, 1846, '[SEED-2026-05-03-MODULES]', '2026-05-03T19:44:43Z', '2026-05-03T19:44:43Z');
INSERT OR REPLACE INTO pi_entries (metric_id, account_id, year, month, value, volume, notes, created_at, updated_at) VALUES ((SELECT id FROM pi_metrics WHERE account_id=17 AND name='C. difficile Rate' LIMIT 1), 17, 2026, 2, 5.25, 2288, '[SEED-2026-05-03-MODULES]', '2026-05-03T19:44:43Z', '2026-05-03T19:44:43Z');
INSERT OR REPLACE INTO pi_entries (metric_id, account_id, year, month, value, volume, notes, created_at, updated_at) VALUES ((SELECT id FROM pi_metrics WHERE account_id=17 AND name='MRSA Rate' LIMIT 1), 17, 2026, 2, 1.5, 2400, '[SEED-2026-05-03-MODULES]', '2026-05-03T19:44:43Z', '2026-05-03T19:44:43Z');
INSERT OR REPLACE INTO pi_entries (metric_id, account_id, year, month, value, volume, notes, created_at, updated_at) VALUES ((SELECT id FROM pi_metrics WHERE account_id=17 AND name='Blood Culture Contamination Rate' LIMIT 1), 17, 2026, 2, 1.64, 3890, '[SEED-2026-05-03-MODULES]', '2026-05-03T19:44:43Z', '2026-05-03T19:44:43Z');
INSERT OR REPLACE INTO pi_entries (metric_id, account_id, year, month, value, volume, notes, created_at, updated_at) VALUES ((SELECT id FROM pi_metrics WHERE account_id=17 AND name='Urine Contamination Rate' LIMIT 1), 17, 2026, 2, 4.36, 1765, '[SEED-2026-05-03-MODULES]', '2026-05-03T19:44:43Z', '2026-05-03T19:44:43Z');
INSERT OR REPLACE INTO pi_entries (metric_id, account_id, year, month, value, volume, notes, created_at, updated_at) VALUES ((SELECT id FROM pi_metrics WHERE account_id=17 AND name='Avg TAT - Received to Verified' LIMIT 1), 17, 2026, 2, 71.35, 2997, '[SEED-2026-05-03-MODULES]', '2026-05-03T19:44:43Z', '2026-05-03T19:44:43Z');
INSERT OR REPLACE INTO pi_entries (metric_id, account_id, year, month, value, volume, notes, created_at, updated_at) VALUES ((SELECT id FROM pi_metrics WHERE account_id=17 AND name='Avg TAT - Ordered to Collected' LIMIT 1), 17, 2026, 2, 20.47, 1765, '[SEED-2026-05-03-MODULES]', '2026-05-03T19:44:43Z', '2026-05-03T19:44:43Z');
INSERT OR REPLACE INTO pi_entries (metric_id, account_id, year, month, value, volume, notes, created_at, updated_at) VALUES ((SELECT id FROM pi_metrics WHERE account_id=17 AND name='Avg TAT - Collected to Received' LIMIT 1), 17, 2026, 2, 28.6, 4727, '[SEED-2026-05-03-MODULES]', '2026-05-03T19:44:43Z', '2026-05-03T19:44:43Z');
INSERT OR REPLACE INTO pi_entries (metric_id, account_id, year, month, value, volume, notes, created_at, updated_at) VALUES ((SELECT id FROM pi_metrics WHERE account_id=17 AND name='Avg TAT - Received to Resulted' LIMIT 1), 17, 2026, 2, 54.39, 2902, '[SEED-2026-05-03-MODULES]', '2026-05-03T19:44:43Z', '2026-05-03T19:44:43Z');
INSERT OR REPLACE INTO pi_entries (metric_id, account_id, year, month, value, volume, notes, created_at, updated_at) VALUES ((SELECT id FROM pi_metrics WHERE account_id=17 AND name='Avg TAT - Resulted to Verified' LIMIT 1), 17, 2026, 2, 12.9, 932, '[SEED-2026-05-03-MODULES]', '2026-05-03T19:44:43Z', '2026-05-03T19:44:43Z');
INSERT OR REPLACE INTO pi_entries (metric_id, account_id, year, month, value, volume, notes, created_at, updated_at) VALUES ((SELECT id FROM pi_metrics WHERE account_id=17 AND name='Avg TAT - Ordered to Verified' LIMIT 1), 17, 2026, 2, 117.04, 2778, '[SEED-2026-05-03-MODULES]', '2026-05-03T19:44:43Z', '2026-05-03T19:44:43Z');
INSERT OR REPLACE INTO pi_entries (metric_id, account_id, year, month, value, volume, notes, created_at, updated_at) VALUES ((SELECT id FROM pi_metrics WHERE account_id=17 AND name='Critical Value Notification Rate' LIMIT 1), 17, 2026, 2, 94.53, 5316, '[SEED-2026-05-03-MODULES]', '2026-05-03T19:44:43Z', '2026-05-03T19:44:43Z');
INSERT OR REPLACE INTO pi_entries (metric_id, account_id, year, month, value, volume, notes, created_at, updated_at) VALUES ((SELECT id FROM pi_metrics WHERE account_id=17 AND name='Wasted Product Rate' LIMIT 1), 17, 2026, 3, 2.3, 1820, '[SEED-2026-05-03-MODULES]', '2026-05-03T19:44:43Z', '2026-05-03T19:44:43Z');
INSERT OR REPLACE INTO pi_entries (metric_id, account_id, year, month, value, volume, notes, created_at, updated_at) VALUES ((SELECT id FROM pi_metrics WHERE account_id=17 AND name='Transfusion Reaction Rate' LIMIT 1), 17, 2026, 3, 1.14, 1951, '[SEED-2026-05-03-MODULES]', '2026-05-03T19:44:43Z', '2026-05-03T19:44:43Z');
INSERT OR REPLACE INTO pi_entries (metric_id, account_id, year, month, value, volume, notes, created_at, updated_at) VALUES ((SELECT id FROM pi_metrics WHERE account_id=17 AND name='Crossmatch-to-Transfusion Ratio' LIMIT 1), 17, 2026, 3, 1.94, 4590, '[SEED-2026-05-03-MODULES]', '2026-05-03T19:44:43Z', '2026-05-03T19:44:43Z');
INSERT OR REPLACE INTO pi_entries (metric_id, account_id, year, month, value, volume, notes, created_at, updated_at) VALUES ((SELECT id FROM pi_metrics WHERE account_id=17 AND name='C. difficile Rate' LIMIT 1), 17, 2026, 3, 5.78, 4681, '[SEED-2026-05-03-MODULES]', '2026-05-03T19:44:43Z', '2026-05-03T19:44:43Z');
INSERT OR REPLACE INTO pi_entries (metric_id, account_id, year, month, value, volume, notes, created_at, updated_at) VALUES ((SELECT id FROM pi_metrics WHERE account_id=17 AND name='MRSA Rate' LIMIT 1), 17, 2026, 3, 0.85, 3392, '[SEED-2026-05-03-MODULES]', '2026-05-03T19:44:43Z', '2026-05-03T19:44:43Z');
INSERT OR REPLACE INTO pi_entries (metric_id, account_id, year, month, value, volume, notes, created_at, updated_at) VALUES ((SELECT id FROM pi_metrics WHERE account_id=17 AND name='Blood Culture Contamination Rate' LIMIT 1), 17, 2026, 3, 2.7, 5339, '[SEED-2026-05-03-MODULES]', '2026-05-03T19:44:43Z', '2026-05-03T19:44:43Z');
INSERT OR REPLACE INTO pi_entries (metric_id, account_id, year, month, value, volume, notes, created_at, updated_at) VALUES ((SELECT id FROM pi_metrics WHERE account_id=17 AND name='Urine Contamination Rate' LIMIT 1), 17, 2026, 3, 3.02, 2593, '[SEED-2026-05-03-MODULES]', '2026-05-03T19:44:43Z', '2026-05-03T19:44:43Z');
INSERT OR REPLACE INTO pi_entries (metric_id, account_id, year, month, value, volume, notes, created_at, updated_at) VALUES ((SELECT id FROM pi_metrics WHERE account_id=17 AND name='Avg TAT - Received to Verified' LIMIT 1), 17, 2026, 3, 49.37, 2387, '[SEED-2026-05-03-MODULES]', '2026-05-03T19:44:43Z', '2026-05-03T19:44:43Z');
INSERT OR REPLACE INTO pi_entries (metric_id, account_id, year, month, value, volume, notes, created_at, updated_at) VALUES ((SELECT id FROM pi_metrics WHERE account_id=17 AND name='Avg TAT - Ordered to Collected' LIMIT 1), 17, 2026, 3, 17.0, 5276, '[SEED-2026-05-03-MODULES]', '2026-05-03T19:44:43Z', '2026-05-03T19:44:43Z');
INSERT OR REPLACE INTO pi_entries (metric_id, account_id, year, month, value, volume, notes, created_at, updated_at) VALUES ((SELECT id FROM pi_metrics WHERE account_id=17 AND name='Avg TAT - Collected to Received' LIMIT 1), 17, 2026, 3, 22.09, 5056, '[SEED-2026-05-03-MODULES]', '2026-05-03T19:44:43Z', '2026-05-03T19:44:43Z');
INSERT OR REPLACE INTO pi_entries (metric_id, account_id, year, month, value, volume, notes, created_at, updated_at) VALUES ((SELECT id FROM pi_metrics WHERE account_id=17 AND name='Avg TAT - Received to Resulted' LIMIT 1), 17, 2026, 3, 27.44, 2435, '[SEED-2026-05-03-MODULES]', '2026-05-03T19:44:43Z', '2026-05-03T19:44:43Z');
INSERT OR REPLACE INTO pi_entries (metric_id, account_id, year, month, value, volume, notes, created_at, updated_at) VALUES ((SELECT id FROM pi_metrics WHERE account_id=17 AND name='Avg TAT - Resulted to Verified' LIMIT 1), 17, 2026, 3, 18.46, 2327, '[SEED-2026-05-03-MODULES]', '2026-05-03T19:44:43Z', '2026-05-03T19:44:43Z');
INSERT OR REPLACE INTO pi_entries (metric_id, account_id, year, month, value, volume, notes, created_at, updated_at) VALUES ((SELECT id FROM pi_metrics WHERE account_id=17 AND name='Avg TAT - Ordered to Verified' LIMIT 1), 17, 2026, 3, 110.05, 1812, '[SEED-2026-05-03-MODULES]', '2026-05-03T19:44:43Z', '2026-05-03T19:44:43Z');
INSERT OR REPLACE INTO pi_entries (metric_id, account_id, year, month, value, volume, notes, created_at, updated_at) VALUES ((SELECT id FROM pi_metrics WHERE account_id=17 AND name='Critical Value Notification Rate' LIMIT 1), 17, 2026, 3, 93.08, 1008, '[SEED-2026-05-03-MODULES]', '2026-05-03T19:44:43Z', '2026-05-03T19:44:43Z');
INSERT OR REPLACE INTO pi_entries (metric_id, account_id, year, month, value, volume, notes, created_at, updated_at) VALUES ((SELECT id FROM pi_metrics WHERE account_id=17 AND name='Wasted Product Rate' LIMIT 1), 17, 2026, 4, 3.67, 3867, '[SEED-2026-05-03-MODULES]', '2026-05-03T19:44:43Z', '2026-05-03T19:44:43Z');
INSERT OR REPLACE INTO pi_entries (metric_id, account_id, year, month, value, volume, notes, created_at, updated_at) VALUES ((SELECT id FROM pi_metrics WHERE account_id=17 AND name='Transfusion Reaction Rate' LIMIT 1), 17, 2026, 4, 0.44, 4903, '[SEED-2026-05-03-MODULES]', '2026-05-03T19:44:43Z', '2026-05-03T19:44:43Z');
INSERT OR REPLACE INTO pi_entries (metric_id, account_id, year, month, value, volume, notes, created_at, updated_at) VALUES ((SELECT id FROM pi_metrics WHERE account_id=17 AND name='Crossmatch-to-Transfusion Ratio' LIMIT 1), 17, 2026, 4, 2.01, 1317, '[SEED-2026-05-03-MODULES]', '2026-05-03T19:44:43Z', '2026-05-03T19:44:43Z');
INSERT OR REPLACE INTO pi_entries (metric_id, account_id, year, month, value, volume, notes, created_at, updated_at) VALUES ((SELECT id FROM pi_metrics WHERE account_id=17 AND name='C. difficile Rate' LIMIT 1), 17, 2026, 4, 3.73, 5359, '[SEED-2026-05-03-MODULES]', '2026-05-03T19:44:43Z', '2026-05-03T19:44:43Z');
INSERT OR REPLACE INTO pi_entries (metric_id, account_id, year, month, value, volume, notes, created_at, updated_at) VALUES ((SELECT id FROM pi_metrics WHERE account_id=17 AND name='MRSA Rate' LIMIT 1), 17, 2026, 4, 2.65, 3456, '[SEED-2026-05-03-MODULES]', '2026-05-03T19:44:43Z', '2026-05-03T19:44:43Z');
INSERT OR REPLACE INTO pi_entries (metric_id, account_id, year, month, value, volume, notes, created_at, updated_at) VALUES ((SELECT id FROM pi_metrics WHERE account_id=17 AND name='Blood Culture Contamination Rate' LIMIT 1), 17, 2026, 4, 1.49, 2132, '[SEED-2026-05-03-MODULES]', '2026-05-03T19:44:43Z', '2026-05-03T19:44:43Z');
INSERT OR REPLACE INTO pi_entries (metric_id, account_id, year, month, value, volume, notes, created_at, updated_at) VALUES ((SELECT id FROM pi_metrics WHERE account_id=17 AND name='Urine Contamination Rate' LIMIT 1), 17, 2026, 4, 1.85, 2686, '[SEED-2026-05-03-MODULES]', '2026-05-03T19:44:43Z', '2026-05-03T19:44:43Z');
INSERT OR REPLACE INTO pi_entries (metric_id, account_id, year, month, value, volume, notes, created_at, updated_at) VALUES ((SELECT id FROM pi_metrics WHERE account_id=17 AND name='Avg TAT - Received to Verified' LIMIT 1), 17, 2026, 4, 43.46, 4477, '[SEED-2026-05-03-MODULES]', '2026-05-03T19:44:43Z', '2026-05-03T19:44:43Z');
INSERT OR REPLACE INTO pi_entries (metric_id, account_id, year, month, value, volume, notes, created_at, updated_at) VALUES ((SELECT id FROM pi_metrics WHERE account_id=17 AND name='Avg TAT - Ordered to Collected' LIMIT 1), 17, 2026, 4, 22.9, 3408, '[SEED-2026-05-03-MODULES]', '2026-05-03T19:44:43Z', '2026-05-03T19:44:43Z');
INSERT OR REPLACE INTO pi_entries (metric_id, account_id, year, month, value, volume, notes, created_at, updated_at) VALUES ((SELECT id FROM pi_metrics WHERE account_id=17 AND name='Avg TAT - Collected to Received' LIMIT 1), 17, 2026, 4, 25.27, 4064, '[SEED-2026-05-03-MODULES]', '2026-05-03T19:44:43Z', '2026-05-03T19:44:43Z');
INSERT OR REPLACE INTO pi_entries (metric_id, account_id, year, month, value, volume, notes, created_at, updated_at) VALUES ((SELECT id FROM pi_metrics WHERE account_id=17 AND name='Avg TAT - Received to Resulted' LIMIT 1), 17, 2026, 4, 22.71, 2889, '[SEED-2026-05-03-MODULES]', '2026-05-03T19:44:43Z', '2026-05-03T19:44:43Z');
INSERT OR REPLACE INTO pi_entries (metric_id, account_id, year, month, value, volume, notes, created_at, updated_at) VALUES ((SELECT id FROM pi_metrics WHERE account_id=17 AND name='Avg TAT - Resulted to Verified' LIMIT 1), 17, 2026, 4, 7.41, 2177, '[SEED-2026-05-03-MODULES]', '2026-05-03T19:44:43Z', '2026-05-03T19:44:43Z');
INSERT OR REPLACE INTO pi_entries (metric_id, account_id, year, month, value, volume, notes, created_at, updated_at) VALUES ((SELECT id FROM pi_metrics WHERE account_id=17 AND name='Avg TAT - Ordered to Verified' LIMIT 1), 17, 2026, 4, 73.71, 5174, '[SEED-2026-05-03-MODULES]', '2026-05-03T19:44:43Z', '2026-05-03T19:44:43Z');
INSERT OR REPLACE INTO pi_entries (metric_id, account_id, year, month, value, volume, notes, created_at, updated_at) VALUES ((SELECT id FROM pi_metrics WHERE account_id=17 AND name='Critical Value Notification Rate' LIMIT 1), 17, 2026, 4, 97.31, 4628, '[SEED-2026-05-03-MODULES]', '2026-05-03T19:44:43Z', '2026-05-03T19:44:43Z');

-- Productivity months (12 months) --
INSERT OR REPLACE INTO productivity_months (account_id, year, month, billable_tests, productive_hours, non_productive_hours, overtime_hours, total_ftes, facility_type, notes, created_at, updated_at) VALUES (17, 2025, 5, 28288, 1127.5, 176.8, 74.0, 9.26, 'community', '[SEED-2026-05-03-MODULES]', '2026-05-03T19:44:43Z', '2026-05-03T19:44:43Z');
INSERT OR REPLACE INTO productivity_months (account_id, year, month, billable_tests, productive_hours, non_productive_hours, overtime_hours, total_ftes, facility_type, notes, created_at, updated_at) VALUES (17, 2025, 6, 38014, 1269.0, 164.4, 30.5, 7.48, 'community', '[SEED-2026-05-03-MODULES]', '2026-05-03T19:44:43Z', '2026-05-03T19:44:43Z');
INSERT OR REPLACE INTO productivity_months (account_id, year, month, billable_tests, productive_hours, non_productive_hours, overtime_hours, total_ftes, facility_type, notes, created_at, updated_at) VALUES (17, 2025, 7, 37427, 1412.4, 118.0, 80.6, 8.71, 'community', '[SEED-2026-05-03-MODULES]', '2026-05-03T19:44:43Z', '2026-05-03T19:44:43Z');
INSERT OR REPLACE INTO productivity_months (account_id, year, month, billable_tests, productive_hours, non_productive_hours, overtime_hours, total_ftes, facility_type, notes, created_at, updated_at) VALUES (17, 2025, 8, 41835, 1425.3, 159.1, 34.0, 8.27, 'community', '[SEED-2026-05-03-MODULES]', '2026-05-03T19:44:43Z', '2026-05-03T19:44:43Z');
INSERT OR REPLACE INTO productivity_months (account_id, year, month, billable_tests, productive_hours, non_productive_hours, overtime_hours, total_ftes, facility_type, notes, created_at, updated_at) VALUES (17, 2025, 9, 29158, 1151.4, 191.1, 76.1, 7.75, 'community', '[SEED-2026-05-03-MODULES]', '2026-05-03T19:44:43Z', '2026-05-03T19:44:43Z');
INSERT OR REPLACE INTO productivity_months (account_id, year, month, billable_tests, productive_hours, non_productive_hours, overtime_hours, total_ftes, facility_type, notes, created_at, updated_at) VALUES (17, 2025, 10, 35278, 1402.0, 103.2, 87.8, 8.93, 'community', '[SEED-2026-05-03-MODULES]', '2026-05-03T19:44:43Z', '2026-05-03T19:44:43Z');
INSERT OR REPLACE INTO productivity_months (account_id, year, month, billable_tests, productive_hours, non_productive_hours, overtime_hours, total_ftes, facility_type, notes, created_at, updated_at) VALUES (17, 2025, 11, 38469, 1281.2, 143.8, 94.6, 8.04, 'community', '[SEED-2026-05-03-MODULES]', '2026-05-03T19:44:43Z', '2026-05-03T19:44:43Z');
INSERT OR REPLACE INTO productivity_months (account_id, year, month, billable_tests, productive_hours, non_productive_hours, overtime_hours, total_ftes, facility_type, notes, created_at, updated_at) VALUES (17, 2025, 12, 44297, 1359.2, 154.8, 94.4, 7.43, 'community', '[SEED-2026-05-03-MODULES]', '2026-05-03T19:44:43Z', '2026-05-03T19:44:43Z');
INSERT OR REPLACE INTO productivity_months (account_id, year, month, billable_tests, productive_hours, non_productive_hours, overtime_hours, total_ftes, facility_type, notes, created_at, updated_at) VALUES (17, 2026, 1, 35834, 1298.3, 140.7, 39.5, 7.8, 'community', '[SEED-2026-05-03-MODULES]', '2026-05-03T19:44:43Z', '2026-05-03T19:44:43Z');
INSERT OR REPLACE INTO productivity_months (account_id, year, month, billable_tests, productive_hours, non_productive_hours, overtime_hours, total_ftes, facility_type, notes, created_at, updated_at) VALUES (17, 2026, 2, 37447, 1105.1, 105.6, 65.2, 7.76, 'community', '[SEED-2026-05-03-MODULES]', '2026-05-03T19:44:43Z', '2026-05-03T19:44:43Z');
INSERT OR REPLACE INTO productivity_months (account_id, year, month, billable_tests, productive_hours, non_productive_hours, overtime_hours, total_ftes, facility_type, notes, created_at, updated_at) VALUES (17, 2026, 3, 33420, 1394.5, 159.9, 36.7, 8.01, 'community', '[SEED-2026-05-03-MODULES]', '2026-05-03T19:44:43Z', '2026-05-03T19:44:43Z');
INSERT OR REPLACE INTO productivity_months (account_id, year, month, billable_tests, productive_hours, non_productive_hours, overtime_hours, total_ftes, facility_type, notes, created_at, updated_at) VALUES (17, 2026, 4, 42267, 1432.1, 106.1, 60.0, 7.72, 'community', '[SEED-2026-05-03-MODULES]', '2026-05-03T19:44:43Z', '2026-05-03T19:44:43Z');

-- VeritaTrack signoffs (~58: 2 per task) --
DELETE FROM veritatrack_signoffs WHERE user_id=17;
INSERT INTO veritatrack_signoffs (task_id, user_id, completed_date, initials, performed_by, notes, created_at)
SELECT
  t.id, 17,
  date('now', '-' || (40 + (t.id % 50)) || ' days'),
  'MV', 'Michael Veri', '[SEED-2026-05-03-MODULES] most recent', '2026-05-03T19:44:43Z'
FROM veritatrack_tasks t WHERE t.user_id = 17;
INSERT INTO veritatrack_signoffs (task_id, user_id, completed_date, initials, performed_by, notes, created_at)
SELECT
  t.id, 17,
  date('now', '-' || (220 + (t.id % 60)) || ' days'),
  'MV', 'Michael Veri', '[SEED-2026-05-03-MODULES] prior', '2026-05-03T19:44:43Z'
FROM veritatrack_tasks t WHERE t.user_id = 17;

-- Competency method groups (one per program) --
DELETE FROM competency_method_groups WHERE program_id IN (SELECT id FROM competency_programs WHERE user_id=17);
INSERT INTO competency_method_groups (program_id, name, instruments, analytes, notes) VALUES ((SELECT id FROM competency_programs WHERE user_id=17 AND name='Chemistry Technical Competency 2026' LIMIT 1), 'Dimension EXL Pri/Backup', '["Bert", "Ernie"]', '["Sodium", "Potassium", "Glucose", "Creatinine", "AST", "ALT"]', '[SEED-2026-05-03-MODULES]');
INSERT INTO competency_method_groups (program_id, name, instruments, analytes, notes) VALUES ((SELECT id FROM competency_programs WHERE user_id=17 AND name='Hematology Technical Competency 2026' LIMIT 1), 'XN-2000 Pri/Backup + Manual Diff', '["Fred", "Wilma", "Manual Differential"]', '["WBC", "Hgb", "Hct", "Plt", "Manual Diff"]', '[SEED-2026-05-03-MODULES]');
INSERT INTO competency_method_groups (program_id, name, instruments, analytes, notes) VALUES ((SELECT id FROM competency_programs WHERE user_id=17 AND name='Lab-Wide Non-Technical Orientation 2026' LIMIT 1), 'All instruments', '["All"]', '["N/A"]', '[SEED-2026-05-03-MODULES]');

-- Competency assessments (technical x 5 employees x 2 programs = 10) --
DELETE FROM competency_assessments WHERE employee_id IN (SELECT id FROM competency_employees WHERE user_id=17);
INSERT INTO competency_assessments (program_id, employee_id, assessment_type, assessment_date, evaluator_name, evaluator_title, evaluator_initials, competency_type, status, remediation_plan, employee_acknowledged, supervisor_acknowledged, created_at) VALUES ((SELECT id FROM competency_programs WHERE user_id=17 AND name='Chemistry Technical Competency 2026' LIMIT 1), (SELECT id FROM competency_employees WHERE user_id=17 AND name='Michael Veri' LIMIT 1), 'initial', '2025-05-08', 'Michael Veri', 'Lab Director', 'MV', 'technical', 'pass', NULL, 1, 1, '2026-05-03T19:44:43Z');
INSERT INTO competency_assessments (program_id, employee_id, assessment_type, assessment_date, evaluator_name, evaluator_title, evaluator_initials, competency_type, status, remediation_plan, employee_acknowledged, supervisor_acknowledged, created_at) VALUES ((SELECT id FROM competency_programs WHERE user_id=17 AND name='Chemistry Technical Competency 2026' LIMIT 1), (SELECT id FROM competency_employees WHERE user_id=17 AND name='Michael Veri' LIMIT 1), 'annual', '2026-03-04', 'Michael Veri', 'Lab Director', 'MV', 'technical', 'pass', NULL, 1, 1, '2026-05-03T19:44:43Z');
INSERT INTO competency_assessments (program_id, employee_id, assessment_type, assessment_date, evaluator_name, evaluator_title, evaluator_initials, competency_type, status, remediation_plan, employee_acknowledged, supervisor_acknowledged, created_at) VALUES ((SELECT id FROM competency_programs WHERE user_id=17 AND name='Hematology Technical Competency 2026' LIMIT 1), (SELECT id FROM competency_employees WHERE user_id=17 AND name='Michael Veri' LIMIT 1), 'initial', '2025-05-08', 'Michael Veri', 'Lab Director', 'MV', 'technical', 'pass', NULL, 1, 1, '2026-05-03T19:44:43Z');
INSERT INTO competency_assessments (program_id, employee_id, assessment_type, assessment_date, evaluator_name, evaluator_title, evaluator_initials, competency_type, status, remediation_plan, employee_acknowledged, supervisor_acknowledged, created_at) VALUES ((SELECT id FROM competency_programs WHERE user_id=17 AND name='Hematology Technical Competency 2026' LIMIT 1), (SELECT id FROM competency_employees WHERE user_id=17 AND name='Michael Veri' LIMIT 1), 'annual', '2026-03-01', 'Michael Veri', 'Lab Director', 'MV', 'technical', 'pass', NULL, 1, 1, '2026-05-03T19:44:43Z');
INSERT INTO competency_assessments (program_id, employee_id, assessment_type, assessment_date, evaluator_name, evaluator_title, evaluator_initials, competency_type, status, remediation_plan, employee_acknowledged, supervisor_acknowledged, created_at) VALUES ((SELECT id FROM competency_programs WHERE user_id=17 AND name='Lab-Wide Non-Technical Orientation 2026' LIMIT 1), (SELECT id FROM competency_employees WHERE user_id=17 AND name='Michael Veri' LIMIT 1), 'initial', '2025-06-07', 'Michael Veri', 'Lab Director', 'MV', 'non-technical', 'pass', NULL, 1, 1, '2026-05-03T19:44:43Z');
INSERT INTO competency_assessments (program_id, employee_id, assessment_type, assessment_date, evaluator_name, evaluator_title, evaluator_initials, competency_type, status, remediation_plan, employee_acknowledged, supervisor_acknowledged, created_at) VALUES ((SELECT id FROM competency_programs WHERE user_id=17 AND name='Chemistry Technical Competency 2026' LIMIT 1), (SELECT id FROM competency_employees WHERE user_id=17 AND name='Lisa Veri' LIMIT 1), 'initial', '2025-05-03', 'Michael Veri', 'Lab Director', 'MV', 'technical', 'pass', NULL, 1, 1, '2026-05-03T19:44:43Z');
INSERT INTO competency_assessments (program_id, employee_id, assessment_type, assessment_date, evaluator_name, evaluator_title, evaluator_initials, competency_type, status, remediation_plan, employee_acknowledged, supervisor_acknowledged, created_at) VALUES ((SELECT id FROM competency_programs WHERE user_id=17 AND name='Chemistry Technical Competency 2026' LIMIT 1), (SELECT id FROM competency_employees WHERE user_id=17 AND name='Lisa Veri' LIMIT 1), 'annual', '2026-02-25', 'Michael Veri', 'Lab Director', 'MV', 'technical', 'pass', NULL, 1, 1, '2026-05-03T19:44:43Z');
INSERT INTO competency_assessments (program_id, employee_id, assessment_type, assessment_date, evaluator_name, evaluator_title, evaluator_initials, competency_type, status, remediation_plan, employee_acknowledged, supervisor_acknowledged, created_at) VALUES ((SELECT id FROM competency_programs WHERE user_id=17 AND name='Hematology Technical Competency 2026' LIMIT 1), (SELECT id FROM competency_employees WHERE user_id=17 AND name='Lisa Veri' LIMIT 1), 'initial', '2025-05-03', 'Michael Veri', 'Lab Director', 'MV', 'technical', 'pass', NULL, 1, 1, '2026-05-03T19:44:43Z');
INSERT INTO competency_assessments (program_id, employee_id, assessment_type, assessment_date, evaluator_name, evaluator_title, evaluator_initials, competency_type, status, remediation_plan, employee_acknowledged, supervisor_acknowledged, created_at) VALUES ((SELECT id FROM competency_programs WHERE user_id=17 AND name='Hematology Technical Competency 2026' LIMIT 1), (SELECT id FROM competency_employees WHERE user_id=17 AND name='Lisa Veri' LIMIT 1), 'annual', '2026-02-22', 'Michael Veri', 'Lab Director', 'MV', 'technical', 'pass', NULL, 1, 1, '2026-05-03T19:44:43Z');
INSERT INTO competency_assessments (program_id, employee_id, assessment_type, assessment_date, evaluator_name, evaluator_title, evaluator_initials, competency_type, status, remediation_plan, employee_acknowledged, supervisor_acknowledged, created_at) VALUES ((SELECT id FROM competency_programs WHERE user_id=17 AND name='Lab-Wide Non-Technical Orientation 2026' LIMIT 1), (SELECT id FROM competency_employees WHERE user_id=17 AND name='Lisa Veri' LIMIT 1), 'initial', '2025-06-02', 'Michael Veri', 'Lab Director', 'MV', 'non-technical', 'pass', NULL, 1, 1, '2026-05-03T19:44:43Z');
INSERT INTO competency_assessments (program_id, employee_id, assessment_type, assessment_date, evaluator_name, evaluator_title, evaluator_initials, competency_type, status, remediation_plan, employee_acknowledged, supervisor_acknowledged, created_at) VALUES ((SELECT id FROM competency_programs WHERE user_id=17 AND name='Chemistry Technical Competency 2026' LIMIT 1), (SELECT id FROM competency_employees WHERE user_id=17 AND name='Jennifer Martinez' LIMIT 1), 'initial', '2025-04-28', 'Michael Veri', 'Lab Director', 'MV', 'technical', 'pass', NULL, 1, 1, '2026-05-03T19:44:43Z');
INSERT INTO competency_assessments (program_id, employee_id, assessment_type, assessment_date, evaluator_name, evaluator_title, evaluator_initials, competency_type, status, remediation_plan, employee_acknowledged, supervisor_acknowledged, created_at) VALUES ((SELECT id FROM competency_programs WHERE user_id=17 AND name='Chemistry Technical Competency 2026' LIMIT 1), (SELECT id FROM competency_employees WHERE user_id=17 AND name='Jennifer Martinez' LIMIT 1), 'annual', '2026-02-18', 'Michael Veri', 'Lab Director', 'MV', 'technical', 'pass', NULL, 1, 1, '2026-05-03T19:44:43Z');
INSERT INTO competency_assessments (program_id, employee_id, assessment_type, assessment_date, evaluator_name, evaluator_title, evaluator_initials, competency_type, status, remediation_plan, employee_acknowledged, supervisor_acknowledged, created_at) VALUES ((SELECT id FROM competency_programs WHERE user_id=17 AND name='Hematology Technical Competency 2026' LIMIT 1), (SELECT id FROM competency_employees WHERE user_id=17 AND name='Jennifer Martinez' LIMIT 1), 'initial', '2025-04-28', 'Michael Veri', 'Lab Director', 'MV', 'technical', 'pass', NULL, 1, 1, '2026-05-03T19:44:43Z');
INSERT INTO competency_assessments (program_id, employee_id, assessment_type, assessment_date, evaluator_name, evaluator_title, evaluator_initials, competency_type, status, remediation_plan, employee_acknowledged, supervisor_acknowledged, created_at) VALUES ((SELECT id FROM competency_programs WHERE user_id=17 AND name='Hematology Technical Competency 2026' LIMIT 1), (SELECT id FROM competency_employees WHERE user_id=17 AND name='Jennifer Martinez' LIMIT 1), 'annual', '2026-02-15', 'Michael Veri', 'Lab Director', 'MV', 'technical', 'pass', NULL, 1, 1, '2026-05-03T19:44:43Z');
INSERT INTO competency_assessments (program_id, employee_id, assessment_type, assessment_date, evaluator_name, evaluator_title, evaluator_initials, competency_type, status, remediation_plan, employee_acknowledged, supervisor_acknowledged, created_at) VALUES ((SELECT id FROM competency_programs WHERE user_id=17 AND name='Lab-Wide Non-Technical Orientation 2026' LIMIT 1), (SELECT id FROM competency_employees WHERE user_id=17 AND name='Jennifer Martinez' LIMIT 1), 'initial', '2025-05-28', 'Michael Veri', 'Lab Director', 'MV', 'non-technical', 'pass', NULL, 1, 1, '2026-05-03T19:44:43Z');
INSERT INTO competency_assessments (program_id, employee_id, assessment_type, assessment_date, evaluator_name, evaluator_title, evaluator_initials, competency_type, status, remediation_plan, employee_acknowledged, supervisor_acknowledged, created_at) VALUES ((SELECT id FROM competency_programs WHERE user_id=17 AND name='Chemistry Technical Competency 2026' LIMIT 1), (SELECT id FROM competency_employees WHERE user_id=17 AND name='Robert Chen' LIMIT 1), 'initial', '2025-04-23', 'Michael Veri', 'Lab Director', 'MV', 'technical', 'pass', NULL, 1, 1, '2026-05-03T19:44:43Z');
INSERT INTO competency_assessments (program_id, employee_id, assessment_type, assessment_date, evaluator_name, evaluator_title, evaluator_initials, competency_type, status, remediation_plan, employee_acknowledged, supervisor_acknowledged, created_at) VALUES ((SELECT id FROM competency_programs WHERE user_id=17 AND name='Chemistry Technical Competency 2026' LIMIT 1), (SELECT id FROM competency_employees WHERE user_id=17 AND name='Robert Chen' LIMIT 1), 'annual', '2026-02-11', 'Michael Veri', 'Lab Director', 'MV', 'technical', 'pass', NULL, 1, 1, '2026-05-03T19:44:43Z');
INSERT INTO competency_assessments (program_id, employee_id, assessment_type, assessment_date, evaluator_name, evaluator_title, evaluator_initials, competency_type, status, remediation_plan, employee_acknowledged, supervisor_acknowledged, created_at) VALUES ((SELECT id FROM competency_programs WHERE user_id=17 AND name='Hematology Technical Competency 2026' LIMIT 1), (SELECT id FROM competency_employees WHERE user_id=17 AND name='Robert Chen' LIMIT 1), 'initial', '2025-04-23', 'Michael Veri', 'Lab Director', 'MV', 'technical', 'pass', NULL, 1, 1, '2026-05-03T19:44:43Z');
INSERT INTO competency_assessments (program_id, employee_id, assessment_type, assessment_date, evaluator_name, evaluator_title, evaluator_initials, competency_type, status, remediation_plan, employee_acknowledged, supervisor_acknowledged, created_at) VALUES ((SELECT id FROM competency_programs WHERE user_id=17 AND name='Hematology Technical Competency 2026' LIMIT 1), (SELECT id FROM competency_employees WHERE user_id=17 AND name='Robert Chen' LIMIT 1), 'annual', '2026-02-08', 'Michael Veri', 'Lab Director', 'MV', 'technical', 'pass', NULL, 1, 1, '2026-05-03T19:44:43Z');
INSERT INTO competency_assessments (program_id, employee_id, assessment_type, assessment_date, evaluator_name, evaluator_title, evaluator_initials, competency_type, status, remediation_plan, employee_acknowledged, supervisor_acknowledged, created_at) VALUES ((SELECT id FROM competency_programs WHERE user_id=17 AND name='Lab-Wide Non-Technical Orientation 2026' LIMIT 1), (SELECT id FROM competency_employees WHERE user_id=17 AND name='Robert Chen' LIMIT 1), 'initial', '2025-05-23', 'Michael Veri', 'Lab Director', 'MV', 'non-technical', 'pass', NULL, 1, 1, '2026-05-03T19:44:43Z');
INSERT INTO competency_assessments (program_id, employee_id, assessment_type, assessment_date, evaluator_name, evaluator_title, evaluator_initials, competency_type, status, remediation_plan, employee_acknowledged, supervisor_acknowledged, created_at) VALUES ((SELECT id FROM competency_programs WHERE user_id=17 AND name='Chemistry Technical Competency 2026' LIMIT 1), (SELECT id FROM competency_employees WHERE user_id=17 AND name='Sarah Williams' LIMIT 1), 'initial', '2025-04-18', 'Michael Veri', 'Lab Director', 'MV', 'technical', 'pass', NULL, 1, 1, '2026-05-03T19:44:43Z');
INSERT INTO competency_assessments (program_id, employee_id, assessment_type, assessment_date, evaluator_name, evaluator_title, evaluator_initials, competency_type, status, remediation_plan, employee_acknowledged, supervisor_acknowledged, created_at) VALUES ((SELECT id FROM competency_programs WHERE user_id=17 AND name='Chemistry Technical Competency 2026' LIMIT 1), (SELECT id FROM competency_employees WHERE user_id=17 AND name='Sarah Williams' LIMIT 1), 'annual', '2026-02-04', 'Michael Veri', 'Lab Director', 'MV', 'technical', 'pass', NULL, 1, 1, '2026-05-03T19:44:43Z');
INSERT INTO competency_assessments (program_id, employee_id, assessment_type, assessment_date, evaluator_name, evaluator_title, evaluator_initials, competency_type, status, remediation_plan, employee_acknowledged, supervisor_acknowledged, created_at) VALUES ((SELECT id FROM competency_programs WHERE user_id=17 AND name='Hematology Technical Competency 2026' LIMIT 1), (SELECT id FROM competency_employees WHERE user_id=17 AND name='Sarah Williams' LIMIT 1), 'initial', '2025-04-18', 'Michael Veri', 'Lab Director', 'MV', 'technical', 'pass', NULL, 1, 1, '2026-05-03T19:44:43Z');
INSERT INTO competency_assessments (program_id, employee_id, assessment_type, assessment_date, evaluator_name, evaluator_title, evaluator_initials, competency_type, status, remediation_plan, employee_acknowledged, supervisor_acknowledged, created_at) VALUES ((SELECT id FROM competency_programs WHERE user_id=17 AND name='Hematology Technical Competency 2026' LIMIT 1), (SELECT id FROM competency_employees WHERE user_id=17 AND name='Sarah Williams' LIMIT 1), 'annual', '2026-02-01', 'Michael Veri', 'Lab Director', 'MV', 'technical', 'pass', NULL, 1, 1, '2026-05-03T19:44:43Z');
INSERT INTO competency_assessments (program_id, employee_id, assessment_type, assessment_date, evaluator_name, evaluator_title, evaluator_initials, competency_type, status, remediation_plan, employee_acknowledged, supervisor_acknowledged, created_at) VALUES ((SELECT id FROM competency_programs WHERE user_id=17 AND name='Lab-Wide Non-Technical Orientation 2026' LIMIT 1), (SELECT id FROM competency_employees WHERE user_id=17 AND name='Sarah Williams' LIMIT 1), 'initial', '2025-05-18', 'Michael Veri', 'Lab Director', 'MV', 'non-technical', 'pass', NULL, 1, 1, '2026-05-03T19:44:43Z');

-- Staff competency schedules --
DELETE FROM staff_competency_schedules WHERE employee_id IN (SELECT id FROM staff_employees WHERE user_id=17);
INSERT INTO staff_competency_schedules (
  employee_id, lab_id,
  initial_completed_at, initial_signed_by,
  six_month_due_at, six_month_completed_at, six_month_signed_by,
  first_annual_due_at, first_annual_completed_at, first_annual_signed_by,
  annual_due_at, last_annual_completed_at, last_annual_signed_by,
  notes
)
SELECT
  e.id,
  e.lab_id,
  date(e.hire_date, '+30 days'),
  'Michael Veri',
  date(e.hire_date, '+6 months'),
  date(e.hire_date, '+6 months', '+5 days'),
  'Michael Veri',
  date(e.hire_date, '+12 months'),
  date(e.hire_date, '+12 months', '+5 days'),
  'Michael Veri',
  date('now', '+90 days'),
  date('now', '-275 days'),
  'Michael Veri',
  '[SEED-2026-05-03-MODULES]'
FROM staff_employees e WHERE e.user_id = 17;

-- VeritaScan: create scan + populate 168 items + assess ~50 --
DELETE FROM veritascan_items WHERE scan_id IN (SELECT id FROM veritascan_scans WHERE user_id=17 AND name LIKE '%[SEED-2026-05-03-MODULES]%');
DELETE FROM veritascan_scans WHERE user_id=17 AND name LIKE '%[SEED-2026-05-03-MODULES]%';

INSERT INTO veritascan_scans (user_id, name, created_at, updated_at) VALUES (17, 'Q2 2026 Pre-COLA Scan [SEED-2026-05-03-MODULES]', '2026-05-03T19:44:43Z', '2026-05-03T19:44:43Z');
INSERT INTO veritascan_items (scan_id, item_id, status, notes, owner, due_date, updated_at, completion_source) VALUES ((SELECT id FROM veritascan_scans WHERE user_id=17 AND name LIKE '%[SEED-2026-05-03-MODULES]%' ORDER BY id DESC LIMIT 1), 1, 'Not Assessed', NULL, NULL, NULL, '2026-05-03T19:44:43Z', 'manual');
INSERT INTO veritascan_items (scan_id, item_id, status, notes, owner, due_date, updated_at, completion_source) VALUES ((SELECT id FROM veritascan_scans WHERE user_id=17 AND name LIKE '%[SEED-2026-05-03-MODULES]%' ORDER BY id DESC LIMIT 1), 2, 'Not Assessed', NULL, NULL, NULL, '2026-05-03T19:44:43Z', 'manual');
INSERT INTO veritascan_items (scan_id, item_id, status, notes, owner, due_date, updated_at, completion_source) VALUES ((SELECT id FROM veritascan_scans WHERE user_id=17 AND name LIKE '%[SEED-2026-05-03-MODULES]%' ORDER BY id DESC LIMIT 1), 3, 'Not Assessed', NULL, NULL, NULL, '2026-05-03T19:44:43Z', 'manual');
INSERT INTO veritascan_items (scan_id, item_id, status, notes, owner, due_date, updated_at, completion_source) VALUES ((SELECT id FROM veritascan_scans WHERE user_id=17 AND name LIKE '%[SEED-2026-05-03-MODULES]%' ORDER BY id DESC LIMIT 1), 4, 'Not Assessed', NULL, NULL, NULL, '2026-05-03T19:44:43Z', 'manual');
INSERT INTO veritascan_items (scan_id, item_id, status, notes, owner, due_date, updated_at, completion_source) VALUES ((SELECT id FROM veritascan_scans WHERE user_id=17 AND name LIKE '%[SEED-2026-05-03-MODULES]%' ORDER BY id DESC LIMIT 1), 5, 'Not Assessed', NULL, NULL, NULL, '2026-05-03T19:44:43Z', 'manual');
INSERT INTO veritascan_items (scan_id, item_id, status, notes, owner, due_date, updated_at, completion_source) VALUES ((SELECT id FROM veritascan_scans WHERE user_id=17 AND name LIKE '%[SEED-2026-05-03-MODULES]%' ORDER BY id DESC LIMIT 1), 6, 'Not Assessed', NULL, NULL, NULL, '2026-05-03T19:44:43Z', 'manual');
INSERT INTO veritascan_items (scan_id, item_id, status, notes, owner, due_date, updated_at, completion_source) VALUES ((SELECT id FROM veritascan_scans WHERE user_id=17 AND name LIKE '%[SEED-2026-05-03-MODULES]%' ORDER BY id DESC LIMIT 1), 7, 'Not Assessed', NULL, NULL, NULL, '2026-05-03T19:44:43Z', 'manual');
INSERT INTO veritascan_items (scan_id, item_id, status, notes, owner, due_date, updated_at, completion_source) VALUES ((SELECT id FROM veritascan_scans WHERE user_id=17 AND name LIKE '%[SEED-2026-05-03-MODULES]%' ORDER BY id DESC LIMIT 1), 8, 'Not Assessed', NULL, NULL, NULL, '2026-05-03T19:44:43Z', 'manual');
INSERT INTO veritascan_items (scan_id, item_id, status, notes, owner, due_date, updated_at, completion_source) VALUES ((SELECT id FROM veritascan_scans WHERE user_id=17 AND name LIKE '%[SEED-2026-05-03-MODULES]%' ORDER BY id DESC LIMIT 1), 9, 'Not Assessed', NULL, NULL, NULL, '2026-05-03T19:44:43Z', 'manual');
INSERT INTO veritascan_items (scan_id, item_id, status, notes, owner, due_date, updated_at, completion_source) VALUES ((SELECT id FROM veritascan_scans WHERE user_id=17 AND name LIKE '%[SEED-2026-05-03-MODULES]%' ORDER BY id DESC LIMIT 1), 10, 'Not Assessed', NULL, NULL, NULL, '2026-05-03T19:44:43Z', 'manual');
INSERT INTO veritascan_items (scan_id, item_id, status, notes, owner, due_date, updated_at, completion_source) VALUES ((SELECT id FROM veritascan_scans WHERE user_id=17 AND name LIKE '%[SEED-2026-05-03-MODULES]%' ORDER BY id DESC LIMIT 1), 11, 'Not Assessed', NULL, NULL, NULL, '2026-05-03T19:44:43Z', 'manual');
INSERT INTO veritascan_items (scan_id, item_id, status, notes, owner, due_date, updated_at, completion_source) VALUES ((SELECT id FROM veritascan_scans WHERE user_id=17 AND name LIKE '%[SEED-2026-05-03-MODULES]%' ORDER BY id DESC LIMIT 1), 12, 'Not Assessed', NULL, NULL, NULL, '2026-05-03T19:44:43Z', 'manual');
INSERT INTO veritascan_items (scan_id, item_id, status, notes, owner, due_date, updated_at, completion_source) VALUES ((SELECT id FROM veritascan_scans WHERE user_id=17 AND name LIKE '%[SEED-2026-05-03-MODULES]%' ORDER BY id DESC LIMIT 1), 13, 'Not Assessed', NULL, NULL, NULL, '2026-05-03T19:44:43Z', 'manual');
INSERT INTO veritascan_items (scan_id, item_id, status, notes, owner, due_date, updated_at, completion_source) VALUES ((SELECT id FROM veritascan_scans WHERE user_id=17 AND name LIKE '%[SEED-2026-05-03-MODULES]%' ORDER BY id DESC LIMIT 1), 14, 'Not Assessed', NULL, NULL, NULL, '2026-05-03T19:44:43Z', 'manual');
INSERT INTO veritascan_items (scan_id, item_id, status, notes, owner, due_date, updated_at, completion_source) VALUES ((SELECT id FROM veritascan_scans WHERE user_id=17 AND name LIKE '%[SEED-2026-05-03-MODULES]%' ORDER BY id DESC LIMIT 1), 15, 'Immediate Action', 'Action item flagged during pre-COLA review [SEED-2026-05-03-MODULES]', 'Michael Veri', '2026-06-02', '2026-05-03T19:44:43Z', 'manual');
INSERT INTO veritascan_items (scan_id, item_id, status, notes, owner, due_date, updated_at, completion_source) VALUES ((SELECT id FROM veritascan_scans WHERE user_id=17 AND name LIKE '%[SEED-2026-05-03-MODULES]%' ORDER BY id DESC LIMIT 1), 16, 'Immediate Action', 'Action item flagged during pre-COLA review [SEED-2026-05-03-MODULES]', 'Michael Veri', '2026-06-02', '2026-05-03T19:44:43Z', 'manual');
INSERT INTO veritascan_items (scan_id, item_id, status, notes, owner, due_date, updated_at, completion_source) VALUES ((SELECT id FROM veritascan_scans WHERE user_id=17 AND name LIKE '%[SEED-2026-05-03-MODULES]%' ORDER BY id DESC LIMIT 1), 17, 'Immediate Action', 'Action item flagged during pre-COLA review [SEED-2026-05-03-MODULES]', 'Michael Veri', '2026-06-02', '2026-05-03T19:44:43Z', 'manual');
INSERT INTO veritascan_items (scan_id, item_id, status, notes, owner, due_date, updated_at, completion_source) VALUES ((SELECT id FROM veritascan_scans WHERE user_id=17 AND name LIKE '%[SEED-2026-05-03-MODULES]%' ORDER BY id DESC LIMIT 1), 18, 'Immediate Action', 'Action item flagged during pre-COLA review [SEED-2026-05-03-MODULES]', 'Michael Veri', '2026-06-02', '2026-05-03T19:44:43Z', 'manual');
INSERT INTO veritascan_items (scan_id, item_id, status, notes, owner, due_date, updated_at, completion_source) VALUES ((SELECT id FROM veritascan_scans WHERE user_id=17 AND name LIKE '%[SEED-2026-05-03-MODULES]%' ORDER BY id DESC LIMIT 1), 19, 'Immediate Action', 'Action item flagged during pre-COLA review [SEED-2026-05-03-MODULES]', 'Michael Veri', '2026-06-02', '2026-05-03T19:44:43Z', 'manual');
INSERT INTO veritascan_items (scan_id, item_id, status, notes, owner, due_date, updated_at, completion_source) VALUES ((SELECT id FROM veritascan_scans WHERE user_id=17 AND name LIKE '%[SEED-2026-05-03-MODULES]%' ORDER BY id DESC LIMIT 1), 20, 'Immediate Action', 'Action item flagged during pre-COLA review [SEED-2026-05-03-MODULES]', 'Michael Veri', '2026-06-02', '2026-05-03T19:44:43Z', 'manual');
INSERT INTO veritascan_items (scan_id, item_id, status, notes, owner, due_date, updated_at, completion_source) VALUES ((SELECT id FROM veritascan_scans WHERE user_id=17 AND name LIKE '%[SEED-2026-05-03-MODULES]%' ORDER BY id DESC LIMIT 1), 21, 'Immediate Action', 'Action item flagged during pre-COLA review [SEED-2026-05-03-MODULES]', 'Michael Veri', '2026-06-02', '2026-05-03T19:44:43Z', 'manual');
INSERT INTO veritascan_items (scan_id, item_id, status, notes, owner, due_date, updated_at, completion_source) VALUES ((SELECT id FROM veritascan_scans WHERE user_id=17 AND name LIKE '%[SEED-2026-05-03-MODULES]%' ORDER BY id DESC LIMIT 1), 22, 'Immediate Action', 'Action item flagged during pre-COLA review [SEED-2026-05-03-MODULES]', 'Michael Veri', '2026-06-02', '2026-05-03T19:44:43Z', 'manual');
INSERT INTO veritascan_items (scan_id, item_id, status, notes, owner, due_date, updated_at, completion_source) VALUES ((SELECT id FROM veritascan_scans WHERE user_id=17 AND name LIKE '%[SEED-2026-05-03-MODULES]%' ORDER BY id DESC LIMIT 1), 23, 'Needs Attention', 'Documentation gap noted, review scheduled [SEED-2026-05-03-MODULES]', 'Michael Veri', '2026-07-02', '2026-05-03T19:44:43Z', 'manual');
INSERT INTO veritascan_items (scan_id, item_id, status, notes, owner, due_date, updated_at, completion_source) VALUES ((SELECT id FROM veritascan_scans WHERE user_id=17 AND name LIKE '%[SEED-2026-05-03-MODULES]%' ORDER BY id DESC LIMIT 1), 24, 'Needs Attention', 'Documentation gap noted, review scheduled [SEED-2026-05-03-MODULES]', 'Michael Veri', '2026-07-02', '2026-05-03T19:44:43Z', 'manual');
INSERT INTO veritascan_items (scan_id, item_id, status, notes, owner, due_date, updated_at, completion_source) VALUES ((SELECT id FROM veritascan_scans WHERE user_id=17 AND name LIKE '%[SEED-2026-05-03-MODULES]%' ORDER BY id DESC LIMIT 1), 25, 'Needs Attention', 'Documentation gap noted, review scheduled [SEED-2026-05-03-MODULES]', 'Michael Veri', '2026-07-02', '2026-05-03T19:44:43Z', 'manual');
INSERT INTO veritascan_items (scan_id, item_id, status, notes, owner, due_date, updated_at, completion_source) VALUES ((SELECT id FROM veritascan_scans WHERE user_id=17 AND name LIKE '%[SEED-2026-05-03-MODULES]%' ORDER BY id DESC LIMIT 1), 26, 'Needs Attention', 'Documentation gap noted, review scheduled [SEED-2026-05-03-MODULES]', 'Michael Veri', '2026-07-02', '2026-05-03T19:44:43Z', 'manual');
INSERT INTO veritascan_items (scan_id, item_id, status, notes, owner, due_date, updated_at, completion_source) VALUES ((SELECT id FROM veritascan_scans WHERE user_id=17 AND name LIKE '%[SEED-2026-05-03-MODULES]%' ORDER BY id DESC LIMIT 1), 27, 'Needs Attention', 'Documentation gap noted, review scheduled [SEED-2026-05-03-MODULES]', 'Michael Veri', '2026-07-02', '2026-05-03T19:44:43Z', 'manual');
INSERT INTO veritascan_items (scan_id, item_id, status, notes, owner, due_date, updated_at, completion_source) VALUES ((SELECT id FROM veritascan_scans WHERE user_id=17 AND name LIKE '%[SEED-2026-05-03-MODULES]%' ORDER BY id DESC LIMIT 1), 28, 'Needs Attention', 'Documentation gap noted, review scheduled [SEED-2026-05-03-MODULES]', 'Michael Veri', '2026-07-02', '2026-05-03T19:44:43Z', 'manual');
INSERT INTO veritascan_items (scan_id, item_id, status, notes, owner, due_date, updated_at, completion_source) VALUES ((SELECT id FROM veritascan_scans WHERE user_id=17 AND name LIKE '%[SEED-2026-05-03-MODULES]%' ORDER BY id DESC LIMIT 1), 29, 'Needs Attention', 'Documentation gap noted, review scheduled [SEED-2026-05-03-MODULES]', 'Michael Veri', '2026-07-02', '2026-05-03T19:44:43Z', 'manual');
INSERT INTO veritascan_items (scan_id, item_id, status, notes, owner, due_date, updated_at, completion_source) VALUES ((SELECT id FROM veritascan_scans WHERE user_id=17 AND name LIKE '%[SEED-2026-05-03-MODULES]%' ORDER BY id DESC LIMIT 1), 30, 'Needs Attention', 'Documentation gap noted, review scheduled [SEED-2026-05-03-MODULES]', 'Michael Veri', '2026-07-02', '2026-05-03T19:44:43Z', 'manual');
INSERT INTO veritascan_items (scan_id, item_id, status, notes, owner, due_date, updated_at, completion_source) VALUES ((SELECT id FROM veritascan_scans WHERE user_id=17 AND name LIKE '%[SEED-2026-05-03-MODULES]%' ORDER BY id DESC LIMIT 1), 31, 'Needs Attention', 'Documentation gap noted, review scheduled [SEED-2026-05-03-MODULES]', 'Michael Veri', '2026-07-02', '2026-05-03T19:44:43Z', 'manual');
INSERT INTO veritascan_items (scan_id, item_id, status, notes, owner, due_date, updated_at, completion_source) VALUES ((SELECT id FROM veritascan_scans WHERE user_id=17 AND name LIKE '%[SEED-2026-05-03-MODULES]%' ORDER BY id DESC LIMIT 1), 32, 'Needs Attention', 'Documentation gap noted, review scheduled [SEED-2026-05-03-MODULES]', 'Michael Veri', '2026-07-02', '2026-05-03T19:44:43Z', 'manual');
INSERT INTO veritascan_items (scan_id, item_id, status, notes, owner, due_date, updated_at, completion_source) VALUES ((SELECT id FROM veritascan_scans WHERE user_id=17 AND name LIKE '%[SEED-2026-05-03-MODULES]%' ORDER BY id DESC LIMIT 1), 33, 'Needs Attention', 'Documentation gap noted, review scheduled [SEED-2026-05-03-MODULES]', 'Michael Veri', '2026-07-02', '2026-05-03T19:44:43Z', 'manual');
INSERT INTO veritascan_items (scan_id, item_id, status, notes, owner, due_date, updated_at, completion_source) VALUES ((SELECT id FROM veritascan_scans WHERE user_id=17 AND name LIKE '%[SEED-2026-05-03-MODULES]%' ORDER BY id DESC LIMIT 1), 34, 'Needs Attention', 'Documentation gap noted, review scheduled [SEED-2026-05-03-MODULES]', 'Michael Veri', '2026-07-02', '2026-05-03T19:44:43Z', 'manual');
INSERT INTO veritascan_items (scan_id, item_id, status, notes, owner, due_date, updated_at, completion_source) VALUES ((SELECT id FROM veritascan_scans WHERE user_id=17 AND name LIKE '%[SEED-2026-05-03-MODULES]%' ORDER BY id DESC LIMIT 1), 35, 'Needs Attention', 'Documentation gap noted, review scheduled [SEED-2026-05-03-MODULES]', 'Michael Veri', '2026-07-02', '2026-05-03T19:44:43Z', 'manual');
INSERT INTO veritascan_items (scan_id, item_id, status, notes, owner, due_date, updated_at, completion_source) VALUES ((SELECT id FROM veritascan_scans WHERE user_id=17 AND name LIKE '%[SEED-2026-05-03-MODULES]%' ORDER BY id DESC LIMIT 1), 36, 'Needs Attention', 'Documentation gap noted, review scheduled [SEED-2026-05-03-MODULES]', 'Michael Veri', '2026-07-02', '2026-05-03T19:44:43Z', 'manual');
INSERT INTO veritascan_items (scan_id, item_id, status, notes, owner, due_date, updated_at, completion_source) VALUES ((SELECT id FROM veritascan_scans WHERE user_id=17 AND name LIKE '%[SEED-2026-05-03-MODULES]%' ORDER BY id DESC LIMIT 1), 37, 'Needs Attention', 'Documentation gap noted, review scheduled [SEED-2026-05-03-MODULES]', 'Michael Veri', '2026-07-02', '2026-05-03T19:44:43Z', 'manual');
INSERT INTO veritascan_items (scan_id, item_id, status, notes, owner, due_date, updated_at, completion_source) VALUES ((SELECT id FROM veritascan_scans WHERE user_id=17 AND name LIKE '%[SEED-2026-05-03-MODULES]%' ORDER BY id DESC LIMIT 1), 38, 'Needs Attention', 'Documentation gap noted, review scheduled [SEED-2026-05-03-MODULES]', 'Michael Veri', '2026-07-02', '2026-05-03T19:44:43Z', 'manual');
INSERT INTO veritascan_items (scan_id, item_id, status, notes, owner, due_date, updated_at, completion_source) VALUES ((SELECT id FROM veritascan_scans WHERE user_id=17 AND name LIKE '%[SEED-2026-05-03-MODULES]%' ORDER BY id DESC LIMIT 1), 39, 'Needs Attention', 'Documentation gap noted, review scheduled [SEED-2026-05-03-MODULES]', 'Michael Veri', '2026-07-02', '2026-05-03T19:44:43Z', 'manual');
INSERT INTO veritascan_items (scan_id, item_id, status, notes, owner, due_date, updated_at, completion_source) VALUES ((SELECT id FROM veritascan_scans WHERE user_id=17 AND name LIKE '%[SEED-2026-05-03-MODULES]%' ORDER BY id DESC LIMIT 1), 40, 'Needs Attention', 'Documentation gap noted, review scheduled [SEED-2026-05-03-MODULES]', 'Michael Veri', '2026-07-02', '2026-05-03T19:44:43Z', 'manual');
INSERT INTO veritascan_items (scan_id, item_id, status, notes, owner, due_date, updated_at, completion_source) VALUES ((SELECT id FROM veritascan_scans WHERE user_id=17 AND name LIKE '%[SEED-2026-05-03-MODULES]%' ORDER BY id DESC LIMIT 1), 41, 'Compliant', NULL, 'Michael Veri', NULL, '2026-05-03T19:44:43Z', 'manual');
INSERT INTO veritascan_items (scan_id, item_id, status, notes, owner, due_date, updated_at, completion_source) VALUES ((SELECT id FROM veritascan_scans WHERE user_id=17 AND name LIKE '%[SEED-2026-05-03-MODULES]%' ORDER BY id DESC LIMIT 1), 42, 'Compliant', NULL, 'Michael Veri', NULL, '2026-05-03T19:44:43Z', 'manual');
INSERT INTO veritascan_items (scan_id, item_id, status, notes, owner, due_date, updated_at, completion_source) VALUES ((SELECT id FROM veritascan_scans WHERE user_id=17 AND name LIKE '%[SEED-2026-05-03-MODULES]%' ORDER BY id DESC LIMIT 1), 43, 'Compliant', NULL, 'Michael Veri', NULL, '2026-05-03T19:44:43Z', 'manual');
INSERT INTO veritascan_items (scan_id, item_id, status, notes, owner, due_date, updated_at, completion_source) VALUES ((SELECT id FROM veritascan_scans WHERE user_id=17 AND name LIKE '%[SEED-2026-05-03-MODULES]%' ORDER BY id DESC LIMIT 1), 44, 'Compliant', NULL, 'Michael Veri', NULL, '2026-05-03T19:44:43Z', 'manual');
INSERT INTO veritascan_items (scan_id, item_id, status, notes, owner, due_date, updated_at, completion_source) VALUES ((SELECT id FROM veritascan_scans WHERE user_id=17 AND name LIKE '%[SEED-2026-05-03-MODULES]%' ORDER BY id DESC LIMIT 1), 45, 'Compliant', NULL, 'Michael Veri', NULL, '2026-05-03T19:44:43Z', 'manual');
INSERT INTO veritascan_items (scan_id, item_id, status, notes, owner, due_date, updated_at, completion_source) VALUES ((SELECT id FROM veritascan_scans WHERE user_id=17 AND name LIKE '%[SEED-2026-05-03-MODULES]%' ORDER BY id DESC LIMIT 1), 46, 'Compliant', NULL, 'Michael Veri', NULL, '2026-05-03T19:44:43Z', 'manual');
INSERT INTO veritascan_items (scan_id, item_id, status, notes, owner, due_date, updated_at, completion_source) VALUES ((SELECT id FROM veritascan_scans WHERE user_id=17 AND name LIKE '%[SEED-2026-05-03-MODULES]%' ORDER BY id DESC LIMIT 1), 47, 'Compliant', NULL, 'Michael Veri', NULL, '2026-05-03T19:44:43Z', 'manual');
INSERT INTO veritascan_items (scan_id, item_id, status, notes, owner, due_date, updated_at, completion_source) VALUES ((SELECT id FROM veritascan_scans WHERE user_id=17 AND name LIKE '%[SEED-2026-05-03-MODULES]%' ORDER BY id DESC LIMIT 1), 48, 'Compliant', NULL, 'Michael Veri', NULL, '2026-05-03T19:44:43Z', 'manual');
INSERT INTO veritascan_items (scan_id, item_id, status, notes, owner, due_date, updated_at, completion_source) VALUES ((SELECT id FROM veritascan_scans WHERE user_id=17 AND name LIKE '%[SEED-2026-05-03-MODULES]%' ORDER BY id DESC LIMIT 1), 49, 'Compliant', NULL, 'Michael Veri', NULL, '2026-05-03T19:44:43Z', 'manual');
INSERT INTO veritascan_items (scan_id, item_id, status, notes, owner, due_date, updated_at, completion_source) VALUES ((SELECT id FROM veritascan_scans WHERE user_id=17 AND name LIKE '%[SEED-2026-05-03-MODULES]%' ORDER BY id DESC LIMIT 1), 50, 'Compliant', NULL, 'Michael Veri', NULL, '2026-05-03T19:44:43Z', 'manual');
INSERT INTO veritascan_items (scan_id, item_id, status, notes, owner, due_date, updated_at, completion_source) VALUES ((SELECT id FROM veritascan_scans WHERE user_id=17 AND name LIKE '%[SEED-2026-05-03-MODULES]%' ORDER BY id DESC LIMIT 1), 51, 'Compliant', NULL, 'Michael Veri', NULL, '2026-05-03T19:44:43Z', 'manual');
INSERT INTO veritascan_items (scan_id, item_id, status, notes, owner, due_date, updated_at, completion_source) VALUES ((SELECT id FROM veritascan_scans WHERE user_id=17 AND name LIKE '%[SEED-2026-05-03-MODULES]%' ORDER BY id DESC LIMIT 1), 52, 'Compliant', NULL, 'Michael Veri', NULL, '2026-05-03T19:44:43Z', 'manual');
INSERT INTO veritascan_items (scan_id, item_id, status, notes, owner, due_date, updated_at, completion_source) VALUES ((SELECT id FROM veritascan_scans WHERE user_id=17 AND name LIKE '%[SEED-2026-05-03-MODULES]%' ORDER BY id DESC LIMIT 1), 53, 'Compliant', NULL, 'Michael Veri', NULL, '2026-05-03T19:44:43Z', 'manual');
INSERT INTO veritascan_items (scan_id, item_id, status, notes, owner, due_date, updated_at, completion_source) VALUES ((SELECT id FROM veritascan_scans WHERE user_id=17 AND name LIKE '%[SEED-2026-05-03-MODULES]%' ORDER BY id DESC LIMIT 1), 54, 'Compliant', NULL, 'Michael Veri', NULL, '2026-05-03T19:44:43Z', 'manual');
INSERT INTO veritascan_items (scan_id, item_id, status, notes, owner, due_date, updated_at, completion_source) VALUES ((SELECT id FROM veritascan_scans WHERE user_id=17 AND name LIKE '%[SEED-2026-05-03-MODULES]%' ORDER BY id DESC LIMIT 1), 55, 'Compliant', NULL, 'Michael Veri', NULL, '2026-05-03T19:44:43Z', 'manual');
INSERT INTO veritascan_items (scan_id, item_id, status, notes, owner, due_date, updated_at, completion_source) VALUES ((SELECT id FROM veritascan_scans WHERE user_id=17 AND name LIKE '%[SEED-2026-05-03-MODULES]%' ORDER BY id DESC LIMIT 1), 56, 'Compliant', NULL, 'Michael Veri', NULL, '2026-05-03T19:44:43Z', 'manual');
INSERT INTO veritascan_items (scan_id, item_id, status, notes, owner, due_date, updated_at, completion_source) VALUES ((SELECT id FROM veritascan_scans WHERE user_id=17 AND name LIKE '%[SEED-2026-05-03-MODULES]%' ORDER BY id DESC LIMIT 1), 57, 'Compliant', NULL, 'Michael Veri', NULL, '2026-05-03T19:44:43Z', 'manual');
INSERT INTO veritascan_items (scan_id, item_id, status, notes, owner, due_date, updated_at, completion_source) VALUES ((SELECT id FROM veritascan_scans WHERE user_id=17 AND name LIKE '%[SEED-2026-05-03-MODULES]%' ORDER BY id DESC LIMIT 1), 58, 'Compliant', NULL, 'Michael Veri', NULL, '2026-05-03T19:44:43Z', 'manual');
INSERT INTO veritascan_items (scan_id, item_id, status, notes, owner, due_date, updated_at, completion_source) VALUES ((SELECT id FROM veritascan_scans WHERE user_id=17 AND name LIKE '%[SEED-2026-05-03-MODULES]%' ORDER BY id DESC LIMIT 1), 59, 'Compliant', NULL, 'Michael Veri', NULL, '2026-05-03T19:44:43Z', 'manual');
INSERT INTO veritascan_items (scan_id, item_id, status, notes, owner, due_date, updated_at, completion_source) VALUES ((SELECT id FROM veritascan_scans WHERE user_id=17 AND name LIKE '%[SEED-2026-05-03-MODULES]%' ORDER BY id DESC LIMIT 1), 60, 'Compliant', NULL, 'Michael Veri', NULL, '2026-05-03T19:44:43Z', 'manual');
INSERT INTO veritascan_items (scan_id, item_id, status, notes, owner, due_date, updated_at, completion_source) VALUES ((SELECT id FROM veritascan_scans WHERE user_id=17 AND name LIKE '%[SEED-2026-05-03-MODULES]%' ORDER BY id DESC LIMIT 1), 61, 'Compliant', NULL, 'Michael Veri', NULL, '2026-05-03T19:44:43Z', 'manual');
INSERT INTO veritascan_items (scan_id, item_id, status, notes, owner, due_date, updated_at, completion_source) VALUES ((SELECT id FROM veritascan_scans WHERE user_id=17 AND name LIKE '%[SEED-2026-05-03-MODULES]%' ORDER BY id DESC LIMIT 1), 62, 'Compliant', NULL, 'Michael Veri', NULL, '2026-05-03T19:44:43Z', 'manual');
INSERT INTO veritascan_items (scan_id, item_id, status, notes, owner, due_date, updated_at, completion_source) VALUES ((SELECT id FROM veritascan_scans WHERE user_id=17 AND name LIKE '%[SEED-2026-05-03-MODULES]%' ORDER BY id DESC LIMIT 1), 63, 'Compliant', NULL, 'Michael Veri', NULL, '2026-05-03T19:44:43Z', 'manual');
INSERT INTO veritascan_items (scan_id, item_id, status, notes, owner, due_date, updated_at, completion_source) VALUES ((SELECT id FROM veritascan_scans WHERE user_id=17 AND name LIKE '%[SEED-2026-05-03-MODULES]%' ORDER BY id DESC LIMIT 1), 64, 'Compliant', NULL, 'Michael Veri', NULL, '2026-05-03T19:44:43Z', 'manual');
INSERT INTO veritascan_items (scan_id, item_id, status, notes, owner, due_date, updated_at, completion_source) VALUES ((SELECT id FROM veritascan_scans WHERE user_id=17 AND name LIKE '%[SEED-2026-05-03-MODULES]%' ORDER BY id DESC LIMIT 1), 65, 'Compliant', NULL, 'Michael Veri', NULL, '2026-05-03T19:44:43Z', 'manual');
INSERT INTO veritascan_items (scan_id, item_id, status, notes, owner, due_date, updated_at, completion_source) VALUES ((SELECT id FROM veritascan_scans WHERE user_id=17 AND name LIKE '%[SEED-2026-05-03-MODULES]%' ORDER BY id DESC LIMIT 1), 66, 'Compliant', NULL, 'Michael Veri', NULL, '2026-05-03T19:44:43Z', 'manual');
INSERT INTO veritascan_items (scan_id, item_id, status, notes, owner, due_date, updated_at, completion_source) VALUES ((SELECT id FROM veritascan_scans WHERE user_id=17 AND name LIKE '%[SEED-2026-05-03-MODULES]%' ORDER BY id DESC LIMIT 1), 67, 'Compliant', NULL, 'Michael Veri', NULL, '2026-05-03T19:44:43Z', 'manual');
INSERT INTO veritascan_items (scan_id, item_id, status, notes, owner, due_date, updated_at, completion_source) VALUES ((SELECT id FROM veritascan_scans WHERE user_id=17 AND name LIKE '%[SEED-2026-05-03-MODULES]%' ORDER BY id DESC LIMIT 1), 68, 'Compliant', NULL, 'Michael Veri', NULL, '2026-05-03T19:44:43Z', 'manual');
INSERT INTO veritascan_items (scan_id, item_id, status, notes, owner, due_date, updated_at, completion_source) VALUES ((SELECT id FROM veritascan_scans WHERE user_id=17 AND name LIKE '%[SEED-2026-05-03-MODULES]%' ORDER BY id DESC LIMIT 1), 69, 'Compliant', NULL, 'Michael Veri', NULL, '2026-05-03T19:44:43Z', 'manual');
INSERT INTO veritascan_items (scan_id, item_id, status, notes, owner, due_date, updated_at, completion_source) VALUES ((SELECT id FROM veritascan_scans WHERE user_id=17 AND name LIKE '%[SEED-2026-05-03-MODULES]%' ORDER BY id DESC LIMIT 1), 70, 'Compliant', NULL, 'Michael Veri', NULL, '2026-05-03T19:44:43Z', 'manual');
INSERT INTO veritascan_items (scan_id, item_id, status, notes, owner, due_date, updated_at, completion_source) VALUES ((SELECT id FROM veritascan_scans WHERE user_id=17 AND name LIKE '%[SEED-2026-05-03-MODULES]%' ORDER BY id DESC LIMIT 1), 71, 'Compliant', NULL, 'Michael Veri', NULL, '2026-05-03T19:44:43Z', 'manual');
INSERT INTO veritascan_items (scan_id, item_id, status, notes, owner, due_date, updated_at, completion_source) VALUES ((SELECT id FROM veritascan_scans WHERE user_id=17 AND name LIKE '%[SEED-2026-05-03-MODULES]%' ORDER BY id DESC LIMIT 1), 72, 'Compliant', NULL, 'Michael Veri', NULL, '2026-05-03T19:44:43Z', 'manual');
INSERT INTO veritascan_items (scan_id, item_id, status, notes, owner, due_date, updated_at, completion_source) VALUES ((SELECT id FROM veritascan_scans WHERE user_id=17 AND name LIKE '%[SEED-2026-05-03-MODULES]%' ORDER BY id DESC LIMIT 1), 73, 'Compliant', NULL, 'Michael Veri', NULL, '2026-05-03T19:44:43Z', 'manual');
INSERT INTO veritascan_items (scan_id, item_id, status, notes, owner, due_date, updated_at, completion_source) VALUES ((SELECT id FROM veritascan_scans WHERE user_id=17 AND name LIKE '%[SEED-2026-05-03-MODULES]%' ORDER BY id DESC LIMIT 1), 74, 'Compliant', NULL, 'Michael Veri', NULL, '2026-05-03T19:44:43Z', 'manual');
INSERT INTO veritascan_items (scan_id, item_id, status, notes, owner, due_date, updated_at, completion_source) VALUES ((SELECT id FROM veritascan_scans WHERE user_id=17 AND name LIKE '%[SEED-2026-05-03-MODULES]%' ORDER BY id DESC LIMIT 1), 75, 'Compliant', NULL, 'Michael Veri', NULL, '2026-05-03T19:44:43Z', 'manual');
INSERT INTO veritascan_items (scan_id, item_id, status, notes, owner, due_date, updated_at, completion_source) VALUES ((SELECT id FROM veritascan_scans WHERE user_id=17 AND name LIKE '%[SEED-2026-05-03-MODULES]%' ORDER BY id DESC LIMIT 1), 76, 'Compliant', NULL, 'Michael Veri', NULL, '2026-05-03T19:44:43Z', 'manual');
INSERT INTO veritascan_items (scan_id, item_id, status, notes, owner, due_date, updated_at, completion_source) VALUES ((SELECT id FROM veritascan_scans WHERE user_id=17 AND name LIKE '%[SEED-2026-05-03-MODULES]%' ORDER BY id DESC LIMIT 1), 77, 'Compliant', NULL, 'Michael Veri', NULL, '2026-05-03T19:44:43Z', 'manual');
INSERT INTO veritascan_items (scan_id, item_id, status, notes, owner, due_date, updated_at, completion_source) VALUES ((SELECT id FROM veritascan_scans WHERE user_id=17 AND name LIKE '%[SEED-2026-05-03-MODULES]%' ORDER BY id DESC LIMIT 1), 78, 'Compliant', NULL, 'Michael Veri', NULL, '2026-05-03T19:44:43Z', 'manual');
INSERT INTO veritascan_items (scan_id, item_id, status, notes, owner, due_date, updated_at, completion_source) VALUES ((SELECT id FROM veritascan_scans WHERE user_id=17 AND name LIKE '%[SEED-2026-05-03-MODULES]%' ORDER BY id DESC LIMIT 1), 79, 'Compliant', NULL, 'Michael Veri', NULL, '2026-05-03T19:44:43Z', 'manual');
INSERT INTO veritascan_items (scan_id, item_id, status, notes, owner, due_date, updated_at, completion_source) VALUES ((SELECT id FROM veritascan_scans WHERE user_id=17 AND name LIKE '%[SEED-2026-05-03-MODULES]%' ORDER BY id DESC LIMIT 1), 80, 'Compliant', NULL, 'Michael Veri', NULL, '2026-05-03T19:44:43Z', 'manual');
INSERT INTO veritascan_items (scan_id, item_id, status, notes, owner, due_date, updated_at, completion_source) VALUES ((SELECT id FROM veritascan_scans WHERE user_id=17 AND name LIKE '%[SEED-2026-05-03-MODULES]%' ORDER BY id DESC LIMIT 1), 81, 'Compliant', NULL, 'Michael Veri', NULL, '2026-05-03T19:44:43Z', 'manual');
INSERT INTO veritascan_items (scan_id, item_id, status, notes, owner, due_date, updated_at, completion_source) VALUES ((SELECT id FROM veritascan_scans WHERE user_id=17 AND name LIKE '%[SEED-2026-05-03-MODULES]%' ORDER BY id DESC LIMIT 1), 82, 'Compliant', NULL, 'Michael Veri', NULL, '2026-05-03T19:44:43Z', 'manual');
INSERT INTO veritascan_items (scan_id, item_id, status, notes, owner, due_date, updated_at, completion_source) VALUES ((SELECT id FROM veritascan_scans WHERE user_id=17 AND name LIKE '%[SEED-2026-05-03-MODULES]%' ORDER BY id DESC LIMIT 1), 83, 'Compliant', NULL, 'Michael Veri', NULL, '2026-05-03T19:44:43Z', 'manual');
INSERT INTO veritascan_items (scan_id, item_id, status, notes, owner, due_date, updated_at, completion_source) VALUES ((SELECT id FROM veritascan_scans WHERE user_id=17 AND name LIKE '%[SEED-2026-05-03-MODULES]%' ORDER BY id DESC LIMIT 1), 84, 'Compliant', NULL, 'Michael Veri', NULL, '2026-05-03T19:44:43Z', 'manual');
INSERT INTO veritascan_items (scan_id, item_id, status, notes, owner, due_date, updated_at, completion_source) VALUES ((SELECT id FROM veritascan_scans WHERE user_id=17 AND name LIKE '%[SEED-2026-05-03-MODULES]%' ORDER BY id DESC LIMIT 1), 85, 'Compliant', NULL, 'Michael Veri', NULL, '2026-05-03T19:44:43Z', 'manual');
INSERT INTO veritascan_items (scan_id, item_id, status, notes, owner, due_date, updated_at, completion_source) VALUES ((SELECT id FROM veritascan_scans WHERE user_id=17 AND name LIKE '%[SEED-2026-05-03-MODULES]%' ORDER BY id DESC LIMIT 1), 86, 'Compliant', NULL, 'Michael Veri', NULL, '2026-05-03T19:44:43Z', 'manual');
INSERT INTO veritascan_items (scan_id, item_id, status, notes, owner, due_date, updated_at, completion_source) VALUES ((SELECT id FROM veritascan_scans WHERE user_id=17 AND name LIKE '%[SEED-2026-05-03-MODULES]%' ORDER BY id DESC LIMIT 1), 87, 'Compliant', NULL, 'Michael Veri', NULL, '2026-05-03T19:44:43Z', 'manual');
INSERT INTO veritascan_items (scan_id, item_id, status, notes, owner, due_date, updated_at, completion_source) VALUES ((SELECT id FROM veritascan_scans WHERE user_id=17 AND name LIKE '%[SEED-2026-05-03-MODULES]%' ORDER BY id DESC LIMIT 1), 88, 'Compliant', NULL, 'Michael Veri', NULL, '2026-05-03T19:44:43Z', 'manual');
INSERT INTO veritascan_items (scan_id, item_id, status, notes, owner, due_date, updated_at, completion_source) VALUES ((SELECT id FROM veritascan_scans WHERE user_id=17 AND name LIKE '%[SEED-2026-05-03-MODULES]%' ORDER BY id DESC LIMIT 1), 89, 'Compliant', NULL, 'Michael Veri', NULL, '2026-05-03T19:44:43Z', 'manual');
INSERT INTO veritascan_items (scan_id, item_id, status, notes, owner, due_date, updated_at, completion_source) VALUES ((SELECT id FROM veritascan_scans WHERE user_id=17 AND name LIKE '%[SEED-2026-05-03-MODULES]%' ORDER BY id DESC LIMIT 1), 90, 'Compliant', NULL, 'Michael Veri', NULL, '2026-05-03T19:44:43Z', 'manual');
INSERT INTO veritascan_items (scan_id, item_id, status, notes, owner, due_date, updated_at, completion_source) VALUES ((SELECT id FROM veritascan_scans WHERE user_id=17 AND name LIKE '%[SEED-2026-05-03-MODULES]%' ORDER BY id DESC LIMIT 1), 91, 'Compliant', NULL, 'Michael Veri', NULL, '2026-05-03T19:44:43Z', 'manual');
INSERT INTO veritascan_items (scan_id, item_id, status, notes, owner, due_date, updated_at, completion_source) VALUES ((SELECT id FROM veritascan_scans WHERE user_id=17 AND name LIKE '%[SEED-2026-05-03-MODULES]%' ORDER BY id DESC LIMIT 1), 92, 'Compliant', NULL, 'Michael Veri', NULL, '2026-05-03T19:44:43Z', 'manual');
INSERT INTO veritascan_items (scan_id, item_id, status, notes, owner, due_date, updated_at, completion_source) VALUES ((SELECT id FROM veritascan_scans WHERE user_id=17 AND name LIKE '%[SEED-2026-05-03-MODULES]%' ORDER BY id DESC LIMIT 1), 93, 'Compliant', NULL, 'Michael Veri', NULL, '2026-05-03T19:44:43Z', 'manual');
INSERT INTO veritascan_items (scan_id, item_id, status, notes, owner, due_date, updated_at, completion_source) VALUES ((SELECT id FROM veritascan_scans WHERE user_id=17 AND name LIKE '%[SEED-2026-05-03-MODULES]%' ORDER BY id DESC LIMIT 1), 94, 'Compliant', NULL, 'Michael Veri', NULL, '2026-05-03T19:44:43Z', 'manual');
INSERT INTO veritascan_items (scan_id, item_id, status, notes, owner, due_date, updated_at, completion_source) VALUES ((SELECT id FROM veritascan_scans WHERE user_id=17 AND name LIKE '%[SEED-2026-05-03-MODULES]%' ORDER BY id DESC LIMIT 1), 95, 'Compliant', NULL, 'Michael Veri', NULL, '2026-05-03T19:44:43Z', 'manual');
INSERT INTO veritascan_items (scan_id, item_id, status, notes, owner, due_date, updated_at, completion_source) VALUES ((SELECT id FROM veritascan_scans WHERE user_id=17 AND name LIKE '%[SEED-2026-05-03-MODULES]%' ORDER BY id DESC LIMIT 1), 96, 'Compliant', NULL, 'Michael Veri', NULL, '2026-05-03T19:44:43Z', 'manual');
INSERT INTO veritascan_items (scan_id, item_id, status, notes, owner, due_date, updated_at, completion_source) VALUES ((SELECT id FROM veritascan_scans WHERE user_id=17 AND name LIKE '%[SEED-2026-05-03-MODULES]%' ORDER BY id DESC LIMIT 1), 97, 'Compliant', NULL, 'Michael Veri', NULL, '2026-05-03T19:44:43Z', 'manual');
INSERT INTO veritascan_items (scan_id, item_id, status, notes, owner, due_date, updated_at, completion_source) VALUES ((SELECT id FROM veritascan_scans WHERE user_id=17 AND name LIKE '%[SEED-2026-05-03-MODULES]%' ORDER BY id DESC LIMIT 1), 98, 'Compliant', NULL, 'Michael Veri', NULL, '2026-05-03T19:44:43Z', 'manual');
INSERT INTO veritascan_items (scan_id, item_id, status, notes, owner, due_date, updated_at, completion_source) VALUES ((SELECT id FROM veritascan_scans WHERE user_id=17 AND name LIKE '%[SEED-2026-05-03-MODULES]%' ORDER BY id DESC LIMIT 1), 99, 'Compliant', NULL, 'Michael Veri', NULL, '2026-05-03T19:44:43Z', 'manual');
INSERT INTO veritascan_items (scan_id, item_id, status, notes, owner, due_date, updated_at, completion_source) VALUES ((SELECT id FROM veritascan_scans WHERE user_id=17 AND name LIKE '%[SEED-2026-05-03-MODULES]%' ORDER BY id DESC LIMIT 1), 100, 'Compliant', NULL, 'Michael Veri', NULL, '2026-05-03T19:44:43Z', 'manual');
INSERT INTO veritascan_items (scan_id, item_id, status, notes, owner, due_date, updated_at, completion_source) VALUES ((SELECT id FROM veritascan_scans WHERE user_id=17 AND name LIKE '%[SEED-2026-05-03-MODULES]%' ORDER BY id DESC LIMIT 1), 101, 'Not Assessed', NULL, NULL, NULL, '2026-05-03T19:44:43Z', 'manual');
INSERT INTO veritascan_items (scan_id, item_id, status, notes, owner, due_date, updated_at, completion_source) VALUES ((SELECT id FROM veritascan_scans WHERE user_id=17 AND name LIKE '%[SEED-2026-05-03-MODULES]%' ORDER BY id DESC LIMIT 1), 102, 'Not Assessed', NULL, NULL, NULL, '2026-05-03T19:44:43Z', 'manual');
INSERT INTO veritascan_items (scan_id, item_id, status, notes, owner, due_date, updated_at, completion_source) VALUES ((SELECT id FROM veritascan_scans WHERE user_id=17 AND name LIKE '%[SEED-2026-05-03-MODULES]%' ORDER BY id DESC LIMIT 1), 103, 'Not Assessed', NULL, NULL, NULL, '2026-05-03T19:44:43Z', 'manual');
INSERT INTO veritascan_items (scan_id, item_id, status, notes, owner, due_date, updated_at, completion_source) VALUES ((SELECT id FROM veritascan_scans WHERE user_id=17 AND name LIKE '%[SEED-2026-05-03-MODULES]%' ORDER BY id DESC LIMIT 1), 104, 'Not Assessed', NULL, NULL, NULL, '2026-05-03T19:44:43Z', 'manual');
INSERT INTO veritascan_items (scan_id, item_id, status, notes, owner, due_date, updated_at, completion_source) VALUES ((SELECT id FROM veritascan_scans WHERE user_id=17 AND name LIKE '%[SEED-2026-05-03-MODULES]%' ORDER BY id DESC LIMIT 1), 105, 'Not Assessed', NULL, NULL, NULL, '2026-05-03T19:44:43Z', 'manual');
INSERT INTO veritascan_items (scan_id, item_id, status, notes, owner, due_date, updated_at, completion_source) VALUES ((SELECT id FROM veritascan_scans WHERE user_id=17 AND name LIKE '%[SEED-2026-05-03-MODULES]%' ORDER BY id DESC LIMIT 1), 106, 'Not Assessed', NULL, NULL, NULL, '2026-05-03T19:44:43Z', 'manual');
INSERT INTO veritascan_items (scan_id, item_id, status, notes, owner, due_date, updated_at, completion_source) VALUES ((SELECT id FROM veritascan_scans WHERE user_id=17 AND name LIKE '%[SEED-2026-05-03-MODULES]%' ORDER BY id DESC LIMIT 1), 107, 'Not Assessed', NULL, NULL, NULL, '2026-05-03T19:44:43Z', 'manual');
INSERT INTO veritascan_items (scan_id, item_id, status, notes, owner, due_date, updated_at, completion_source) VALUES ((SELECT id FROM veritascan_scans WHERE user_id=17 AND name LIKE '%[SEED-2026-05-03-MODULES]%' ORDER BY id DESC LIMIT 1), 108, 'Not Assessed', NULL, NULL, NULL, '2026-05-03T19:44:43Z', 'manual');
INSERT INTO veritascan_items (scan_id, item_id, status, notes, owner, due_date, updated_at, completion_source) VALUES ((SELECT id FROM veritascan_scans WHERE user_id=17 AND name LIKE '%[SEED-2026-05-03-MODULES]%' ORDER BY id DESC LIMIT 1), 109, 'Not Assessed', NULL, NULL, NULL, '2026-05-03T19:44:43Z', 'manual');
INSERT INTO veritascan_items (scan_id, item_id, status, notes, owner, due_date, updated_at, completion_source) VALUES ((SELECT id FROM veritascan_scans WHERE user_id=17 AND name LIKE '%[SEED-2026-05-03-MODULES]%' ORDER BY id DESC LIMIT 1), 110, 'Not Assessed', NULL, NULL, NULL, '2026-05-03T19:44:43Z', 'manual');
INSERT INTO veritascan_items (scan_id, item_id, status, notes, owner, due_date, updated_at, completion_source) VALUES ((SELECT id FROM veritascan_scans WHERE user_id=17 AND name LIKE '%[SEED-2026-05-03-MODULES]%' ORDER BY id DESC LIMIT 1), 111, 'Not Assessed', NULL, NULL, NULL, '2026-05-03T19:44:43Z', 'manual');
INSERT INTO veritascan_items (scan_id, item_id, status, notes, owner, due_date, updated_at, completion_source) VALUES ((SELECT id FROM veritascan_scans WHERE user_id=17 AND name LIKE '%[SEED-2026-05-03-MODULES]%' ORDER BY id DESC LIMIT 1), 112, 'Not Assessed', NULL, NULL, NULL, '2026-05-03T19:44:43Z', 'manual');
INSERT INTO veritascan_items (scan_id, item_id, status, notes, owner, due_date, updated_at, completion_source) VALUES ((SELECT id FROM veritascan_scans WHERE user_id=17 AND name LIKE '%[SEED-2026-05-03-MODULES]%' ORDER BY id DESC LIMIT 1), 113, 'Not Assessed', NULL, NULL, NULL, '2026-05-03T19:44:43Z', 'manual');
INSERT INTO veritascan_items (scan_id, item_id, status, notes, owner, due_date, updated_at, completion_source) VALUES ((SELECT id FROM veritascan_scans WHERE user_id=17 AND name LIKE '%[SEED-2026-05-03-MODULES]%' ORDER BY id DESC LIMIT 1), 114, 'Not Assessed', NULL, NULL, NULL, '2026-05-03T19:44:43Z', 'manual');
INSERT INTO veritascan_items (scan_id, item_id, status, notes, owner, due_date, updated_at, completion_source) VALUES ((SELECT id FROM veritascan_scans WHERE user_id=17 AND name LIKE '%[SEED-2026-05-03-MODULES]%' ORDER BY id DESC LIMIT 1), 115, 'Immediate Action', 'Action item flagged during pre-COLA review [SEED-2026-05-03-MODULES]', 'Michael Veri', '2026-06-02', '2026-05-03T19:44:43Z', 'manual');
INSERT INTO veritascan_items (scan_id, item_id, status, notes, owner, due_date, updated_at, completion_source) VALUES ((SELECT id FROM veritascan_scans WHERE user_id=17 AND name LIKE '%[SEED-2026-05-03-MODULES]%' ORDER BY id DESC LIMIT 1), 116, 'Immediate Action', 'Action item flagged during pre-COLA review [SEED-2026-05-03-MODULES]', 'Michael Veri', '2026-06-02', '2026-05-03T19:44:43Z', 'manual');
INSERT INTO veritascan_items (scan_id, item_id, status, notes, owner, due_date, updated_at, completion_source) VALUES ((SELECT id FROM veritascan_scans WHERE user_id=17 AND name LIKE '%[SEED-2026-05-03-MODULES]%' ORDER BY id DESC LIMIT 1), 117, 'Immediate Action', 'Action item flagged during pre-COLA review [SEED-2026-05-03-MODULES]', 'Michael Veri', '2026-06-02', '2026-05-03T19:44:43Z', 'manual');
INSERT INTO veritascan_items (scan_id, item_id, status, notes, owner, due_date, updated_at, completion_source) VALUES ((SELECT id FROM veritascan_scans WHERE user_id=17 AND name LIKE '%[SEED-2026-05-03-MODULES]%' ORDER BY id DESC LIMIT 1), 118, 'Immediate Action', 'Action item flagged during pre-COLA review [SEED-2026-05-03-MODULES]', 'Michael Veri', '2026-06-02', '2026-05-03T19:44:43Z', 'manual');
INSERT INTO veritascan_items (scan_id, item_id, status, notes, owner, due_date, updated_at, completion_source) VALUES ((SELECT id FROM veritascan_scans WHERE user_id=17 AND name LIKE '%[SEED-2026-05-03-MODULES]%' ORDER BY id DESC LIMIT 1), 119, 'Immediate Action', 'Action item flagged during pre-COLA review [SEED-2026-05-03-MODULES]', 'Michael Veri', '2026-06-02', '2026-05-03T19:44:43Z', 'manual');
INSERT INTO veritascan_items (scan_id, item_id, status, notes, owner, due_date, updated_at, completion_source) VALUES ((SELECT id FROM veritascan_scans WHERE user_id=17 AND name LIKE '%[SEED-2026-05-03-MODULES]%' ORDER BY id DESC LIMIT 1), 120, 'Immediate Action', 'Action item flagged during pre-COLA review [SEED-2026-05-03-MODULES]', 'Michael Veri', '2026-06-02', '2026-05-03T19:44:43Z', 'manual');
INSERT INTO veritascan_items (scan_id, item_id, status, notes, owner, due_date, updated_at, completion_source) VALUES ((SELECT id FROM veritascan_scans WHERE user_id=17 AND name LIKE '%[SEED-2026-05-03-MODULES]%' ORDER BY id DESC LIMIT 1), 121, 'Immediate Action', 'Action item flagged during pre-COLA review [SEED-2026-05-03-MODULES]', 'Michael Veri', '2026-06-02', '2026-05-03T19:44:43Z', 'manual');
INSERT INTO veritascan_items (scan_id, item_id, status, notes, owner, due_date, updated_at, completion_source) VALUES ((SELECT id FROM veritascan_scans WHERE user_id=17 AND name LIKE '%[SEED-2026-05-03-MODULES]%' ORDER BY id DESC LIMIT 1), 122, 'Immediate Action', 'Action item flagged during pre-COLA review [SEED-2026-05-03-MODULES]', 'Michael Veri', '2026-06-02', '2026-05-03T19:44:43Z', 'manual');
INSERT INTO veritascan_items (scan_id, item_id, status, notes, owner, due_date, updated_at, completion_source) VALUES ((SELECT id FROM veritascan_scans WHERE user_id=17 AND name LIKE '%[SEED-2026-05-03-MODULES]%' ORDER BY id DESC LIMIT 1), 123, 'Needs Attention', 'Documentation gap noted, review scheduled [SEED-2026-05-03-MODULES]', 'Michael Veri', '2026-07-02', '2026-05-03T19:44:43Z', 'manual');
INSERT INTO veritascan_items (scan_id, item_id, status, notes, owner, due_date, updated_at, completion_source) VALUES ((SELECT id FROM veritascan_scans WHERE user_id=17 AND name LIKE '%[SEED-2026-05-03-MODULES]%' ORDER BY id DESC LIMIT 1), 124, 'Needs Attention', 'Documentation gap noted, review scheduled [SEED-2026-05-03-MODULES]', 'Michael Veri', '2026-07-02', '2026-05-03T19:44:43Z', 'manual');
INSERT INTO veritascan_items (scan_id, item_id, status, notes, owner, due_date, updated_at, completion_source) VALUES ((SELECT id FROM veritascan_scans WHERE user_id=17 AND name LIKE '%[SEED-2026-05-03-MODULES]%' ORDER BY id DESC LIMIT 1), 125, 'Needs Attention', 'Documentation gap noted, review scheduled [SEED-2026-05-03-MODULES]', 'Michael Veri', '2026-07-02', '2026-05-03T19:44:43Z', 'manual');
INSERT INTO veritascan_items (scan_id, item_id, status, notes, owner, due_date, updated_at, completion_source) VALUES ((SELECT id FROM veritascan_scans WHERE user_id=17 AND name LIKE '%[SEED-2026-05-03-MODULES]%' ORDER BY id DESC LIMIT 1), 126, 'Needs Attention', 'Documentation gap noted, review scheduled [SEED-2026-05-03-MODULES]', 'Michael Veri', '2026-07-02', '2026-05-03T19:44:43Z', 'manual');
INSERT INTO veritascan_items (scan_id, item_id, status, notes, owner, due_date, updated_at, completion_source) VALUES ((SELECT id FROM veritascan_scans WHERE user_id=17 AND name LIKE '%[SEED-2026-05-03-MODULES]%' ORDER BY id DESC LIMIT 1), 127, 'Needs Attention', 'Documentation gap noted, review scheduled [SEED-2026-05-03-MODULES]', 'Michael Veri', '2026-07-02', '2026-05-03T19:44:43Z', 'manual');
INSERT INTO veritascan_items (scan_id, item_id, status, notes, owner, due_date, updated_at, completion_source) VALUES ((SELECT id FROM veritascan_scans WHERE user_id=17 AND name LIKE '%[SEED-2026-05-03-MODULES]%' ORDER BY id DESC LIMIT 1), 128, 'Needs Attention', 'Documentation gap noted, review scheduled [SEED-2026-05-03-MODULES]', 'Michael Veri', '2026-07-02', '2026-05-03T19:44:43Z', 'manual');
INSERT INTO veritascan_items (scan_id, item_id, status, notes, owner, due_date, updated_at, completion_source) VALUES ((SELECT id FROM veritascan_scans WHERE user_id=17 AND name LIKE '%[SEED-2026-05-03-MODULES]%' ORDER BY id DESC LIMIT 1), 129, 'Needs Attention', 'Documentation gap noted, review scheduled [SEED-2026-05-03-MODULES]', 'Michael Veri', '2026-07-02', '2026-05-03T19:44:43Z', 'manual');
INSERT INTO veritascan_items (scan_id, item_id, status, notes, owner, due_date, updated_at, completion_source) VALUES ((SELECT id FROM veritascan_scans WHERE user_id=17 AND name LIKE '%[SEED-2026-05-03-MODULES]%' ORDER BY id DESC LIMIT 1), 130, 'Needs Attention', 'Documentation gap noted, review scheduled [SEED-2026-05-03-MODULES]', 'Michael Veri', '2026-07-02', '2026-05-03T19:44:43Z', 'manual');
INSERT INTO veritascan_items (scan_id, item_id, status, notes, owner, due_date, updated_at, completion_source) VALUES ((SELECT id FROM veritascan_scans WHERE user_id=17 AND name LIKE '%[SEED-2026-05-03-MODULES]%' ORDER BY id DESC LIMIT 1), 131, 'Needs Attention', 'Documentation gap noted, review scheduled [SEED-2026-05-03-MODULES]', 'Michael Veri', '2026-07-02', '2026-05-03T19:44:43Z', 'manual');
INSERT INTO veritascan_items (scan_id, item_id, status, notes, owner, due_date, updated_at, completion_source) VALUES ((SELECT id FROM veritascan_scans WHERE user_id=17 AND name LIKE '%[SEED-2026-05-03-MODULES]%' ORDER BY id DESC LIMIT 1), 132, 'Needs Attention', 'Documentation gap noted, review scheduled [SEED-2026-05-03-MODULES]', 'Michael Veri', '2026-07-02', '2026-05-03T19:44:43Z', 'manual');
INSERT INTO veritascan_items (scan_id, item_id, status, notes, owner, due_date, updated_at, completion_source) VALUES ((SELECT id FROM veritascan_scans WHERE user_id=17 AND name LIKE '%[SEED-2026-05-03-MODULES]%' ORDER BY id DESC LIMIT 1), 133, 'Needs Attention', 'Documentation gap noted, review scheduled [SEED-2026-05-03-MODULES]', 'Michael Veri', '2026-07-02', '2026-05-03T19:44:43Z', 'manual');
INSERT INTO veritascan_items (scan_id, item_id, status, notes, owner, due_date, updated_at, completion_source) VALUES ((SELECT id FROM veritascan_scans WHERE user_id=17 AND name LIKE '%[SEED-2026-05-03-MODULES]%' ORDER BY id DESC LIMIT 1), 134, 'Needs Attention', 'Documentation gap noted, review scheduled [SEED-2026-05-03-MODULES]', 'Michael Veri', '2026-07-02', '2026-05-03T19:44:43Z', 'manual');
INSERT INTO veritascan_items (scan_id, item_id, status, notes, owner, due_date, updated_at, completion_source) VALUES ((SELECT id FROM veritascan_scans WHERE user_id=17 AND name LIKE '%[SEED-2026-05-03-MODULES]%' ORDER BY id DESC LIMIT 1), 135, 'Needs Attention', 'Documentation gap noted, review scheduled [SEED-2026-05-03-MODULES]', 'Michael Veri', '2026-07-02', '2026-05-03T19:44:43Z', 'manual');
INSERT INTO veritascan_items (scan_id, item_id, status, notes, owner, due_date, updated_at, completion_source) VALUES ((SELECT id FROM veritascan_scans WHERE user_id=17 AND name LIKE '%[SEED-2026-05-03-MODULES]%' ORDER BY id DESC LIMIT 1), 136, 'Needs Attention', 'Documentation gap noted, review scheduled [SEED-2026-05-03-MODULES]', 'Michael Veri', '2026-07-02', '2026-05-03T19:44:43Z', 'manual');
INSERT INTO veritascan_items (scan_id, item_id, status, notes, owner, due_date, updated_at, completion_source) VALUES ((SELECT id FROM veritascan_scans WHERE user_id=17 AND name LIKE '%[SEED-2026-05-03-MODULES]%' ORDER BY id DESC LIMIT 1), 137, 'Needs Attention', 'Documentation gap noted, review scheduled [SEED-2026-05-03-MODULES]', 'Michael Veri', '2026-07-02', '2026-05-03T19:44:43Z', 'manual');
INSERT INTO veritascan_items (scan_id, item_id, status, notes, owner, due_date, updated_at, completion_source) VALUES ((SELECT id FROM veritascan_scans WHERE user_id=17 AND name LIKE '%[SEED-2026-05-03-MODULES]%' ORDER BY id DESC LIMIT 1), 138, 'Needs Attention', 'Documentation gap noted, review scheduled [SEED-2026-05-03-MODULES]', 'Michael Veri', '2026-07-02', '2026-05-03T19:44:43Z', 'manual');
INSERT INTO veritascan_items (scan_id, item_id, status, notes, owner, due_date, updated_at, completion_source) VALUES ((SELECT id FROM veritascan_scans WHERE user_id=17 AND name LIKE '%[SEED-2026-05-03-MODULES]%' ORDER BY id DESC LIMIT 1), 139, 'Needs Attention', 'Documentation gap noted, review scheduled [SEED-2026-05-03-MODULES]', 'Michael Veri', '2026-07-02', '2026-05-03T19:44:43Z', 'manual');
INSERT INTO veritascan_items (scan_id, item_id, status, notes, owner, due_date, updated_at, completion_source) VALUES ((SELECT id FROM veritascan_scans WHERE user_id=17 AND name LIKE '%[SEED-2026-05-03-MODULES]%' ORDER BY id DESC LIMIT 1), 140, 'Needs Attention', 'Documentation gap noted, review scheduled [SEED-2026-05-03-MODULES]', 'Michael Veri', '2026-07-02', '2026-05-03T19:44:43Z', 'manual');
INSERT INTO veritascan_items (scan_id, item_id, status, notes, owner, due_date, updated_at, completion_source) VALUES ((SELECT id FROM veritascan_scans WHERE user_id=17 AND name LIKE '%[SEED-2026-05-03-MODULES]%' ORDER BY id DESC LIMIT 1), 141, 'Compliant', NULL, 'Michael Veri', NULL, '2026-05-03T19:44:43Z', 'manual');
INSERT INTO veritascan_items (scan_id, item_id, status, notes, owner, due_date, updated_at, completion_source) VALUES ((SELECT id FROM veritascan_scans WHERE user_id=17 AND name LIKE '%[SEED-2026-05-03-MODULES]%' ORDER BY id DESC LIMIT 1), 142, 'Compliant', NULL, 'Michael Veri', NULL, '2026-05-03T19:44:43Z', 'manual');
INSERT INTO veritascan_items (scan_id, item_id, status, notes, owner, due_date, updated_at, completion_source) VALUES ((SELECT id FROM veritascan_scans WHERE user_id=17 AND name LIKE '%[SEED-2026-05-03-MODULES]%' ORDER BY id DESC LIMIT 1), 143, 'Compliant', NULL, 'Michael Veri', NULL, '2026-05-03T19:44:43Z', 'manual');
INSERT INTO veritascan_items (scan_id, item_id, status, notes, owner, due_date, updated_at, completion_source) VALUES ((SELECT id FROM veritascan_scans WHERE user_id=17 AND name LIKE '%[SEED-2026-05-03-MODULES]%' ORDER BY id DESC LIMIT 1), 144, 'Compliant', NULL, 'Michael Veri', NULL, '2026-05-03T19:44:43Z', 'manual');
INSERT INTO veritascan_items (scan_id, item_id, status, notes, owner, due_date, updated_at, completion_source) VALUES ((SELECT id FROM veritascan_scans WHERE user_id=17 AND name LIKE '%[SEED-2026-05-03-MODULES]%' ORDER BY id DESC LIMIT 1), 145, 'Compliant', NULL, 'Michael Veri', NULL, '2026-05-03T19:44:43Z', 'manual');
INSERT INTO veritascan_items (scan_id, item_id, status, notes, owner, due_date, updated_at, completion_source) VALUES ((SELECT id FROM veritascan_scans WHERE user_id=17 AND name LIKE '%[SEED-2026-05-03-MODULES]%' ORDER BY id DESC LIMIT 1), 146, 'Compliant', NULL, 'Michael Veri', NULL, '2026-05-03T19:44:43Z', 'manual');
INSERT INTO veritascan_items (scan_id, item_id, status, notes, owner, due_date, updated_at, completion_source) VALUES ((SELECT id FROM veritascan_scans WHERE user_id=17 AND name LIKE '%[SEED-2026-05-03-MODULES]%' ORDER BY id DESC LIMIT 1), 147, 'Compliant', NULL, 'Michael Veri', NULL, '2026-05-03T19:44:43Z', 'manual');
INSERT INTO veritascan_items (scan_id, item_id, status, notes, owner, due_date, updated_at, completion_source) VALUES ((SELECT id FROM veritascan_scans WHERE user_id=17 AND name LIKE '%[SEED-2026-05-03-MODULES]%' ORDER BY id DESC LIMIT 1), 148, 'Compliant', NULL, 'Michael Veri', NULL, '2026-05-03T19:44:43Z', 'manual');
INSERT INTO veritascan_items (scan_id, item_id, status, notes, owner, due_date, updated_at, completion_source) VALUES ((SELECT id FROM veritascan_scans WHERE user_id=17 AND name LIKE '%[SEED-2026-05-03-MODULES]%' ORDER BY id DESC LIMIT 1), 149, 'Compliant', NULL, 'Michael Veri', NULL, '2026-05-03T19:44:43Z', 'manual');
INSERT INTO veritascan_items (scan_id, item_id, status, notes, owner, due_date, updated_at, completion_source) VALUES ((SELECT id FROM veritascan_scans WHERE user_id=17 AND name LIKE '%[SEED-2026-05-03-MODULES]%' ORDER BY id DESC LIMIT 1), 150, 'Compliant', NULL, 'Michael Veri', NULL, '2026-05-03T19:44:43Z', 'manual');
INSERT INTO veritascan_items (scan_id, item_id, status, notes, owner, due_date, updated_at, completion_source) VALUES ((SELECT id FROM veritascan_scans WHERE user_id=17 AND name LIKE '%[SEED-2026-05-03-MODULES]%' ORDER BY id DESC LIMIT 1), 151, 'Compliant', NULL, 'Michael Veri', NULL, '2026-05-03T19:44:43Z', 'manual');
INSERT INTO veritascan_items (scan_id, item_id, status, notes, owner, due_date, updated_at, completion_source) VALUES ((SELECT id FROM veritascan_scans WHERE user_id=17 AND name LIKE '%[SEED-2026-05-03-MODULES]%' ORDER BY id DESC LIMIT 1), 152, 'Compliant', NULL, 'Michael Veri', NULL, '2026-05-03T19:44:43Z', 'manual');
INSERT INTO veritascan_items (scan_id, item_id, status, notes, owner, due_date, updated_at, completion_source) VALUES ((SELECT id FROM veritascan_scans WHERE user_id=17 AND name LIKE '%[SEED-2026-05-03-MODULES]%' ORDER BY id DESC LIMIT 1), 153, 'Compliant', NULL, 'Michael Veri', NULL, '2026-05-03T19:44:43Z', 'manual');
INSERT INTO veritascan_items (scan_id, item_id, status, notes, owner, due_date, updated_at, completion_source) VALUES ((SELECT id FROM veritascan_scans WHERE user_id=17 AND name LIKE '%[SEED-2026-05-03-MODULES]%' ORDER BY id DESC LIMIT 1), 154, 'Compliant', NULL, 'Michael Veri', NULL, '2026-05-03T19:44:43Z', 'manual');
INSERT INTO veritascan_items (scan_id, item_id, status, notes, owner, due_date, updated_at, completion_source) VALUES ((SELECT id FROM veritascan_scans WHERE user_id=17 AND name LIKE '%[SEED-2026-05-03-MODULES]%' ORDER BY id DESC LIMIT 1), 155, 'Compliant', NULL, 'Michael Veri', NULL, '2026-05-03T19:44:43Z', 'manual');
INSERT INTO veritascan_items (scan_id, item_id, status, notes, owner, due_date, updated_at, completion_source) VALUES ((SELECT id FROM veritascan_scans WHERE user_id=17 AND name LIKE '%[SEED-2026-05-03-MODULES]%' ORDER BY id DESC LIMIT 1), 156, 'Compliant', NULL, 'Michael Veri', NULL, '2026-05-03T19:44:43Z', 'manual');
INSERT INTO veritascan_items (scan_id, item_id, status, notes, owner, due_date, updated_at, completion_source) VALUES ((SELECT id FROM veritascan_scans WHERE user_id=17 AND name LIKE '%[SEED-2026-05-03-MODULES]%' ORDER BY id DESC LIMIT 1), 157, 'Compliant', NULL, 'Michael Veri', NULL, '2026-05-03T19:44:43Z', 'manual');
INSERT INTO veritascan_items (scan_id, item_id, status, notes, owner, due_date, updated_at, completion_source) VALUES ((SELECT id FROM veritascan_scans WHERE user_id=17 AND name LIKE '%[SEED-2026-05-03-MODULES]%' ORDER BY id DESC LIMIT 1), 158, 'Compliant', NULL, 'Michael Veri', NULL, '2026-05-03T19:44:43Z', 'manual');
INSERT INTO veritascan_items (scan_id, item_id, status, notes, owner, due_date, updated_at, completion_source) VALUES ((SELECT id FROM veritascan_scans WHERE user_id=17 AND name LIKE '%[SEED-2026-05-03-MODULES]%' ORDER BY id DESC LIMIT 1), 159, 'Compliant', NULL, 'Michael Veri', NULL, '2026-05-03T19:44:43Z', 'manual');
INSERT INTO veritascan_items (scan_id, item_id, status, notes, owner, due_date, updated_at, completion_source) VALUES ((SELECT id FROM veritascan_scans WHERE user_id=17 AND name LIKE '%[SEED-2026-05-03-MODULES]%' ORDER BY id DESC LIMIT 1), 160, 'Compliant', NULL, 'Michael Veri', NULL, '2026-05-03T19:44:43Z', 'manual');
INSERT INTO veritascan_items (scan_id, item_id, status, notes, owner, due_date, updated_at, completion_source) VALUES ((SELECT id FROM veritascan_scans WHERE user_id=17 AND name LIKE '%[SEED-2026-05-03-MODULES]%' ORDER BY id DESC LIMIT 1), 161, 'Compliant', NULL, 'Michael Veri', NULL, '2026-05-03T19:44:43Z', 'manual');
INSERT INTO veritascan_items (scan_id, item_id, status, notes, owner, due_date, updated_at, completion_source) VALUES ((SELECT id FROM veritascan_scans WHERE user_id=17 AND name LIKE '%[SEED-2026-05-03-MODULES]%' ORDER BY id DESC LIMIT 1), 162, 'Compliant', NULL, 'Michael Veri', NULL, '2026-05-03T19:44:43Z', 'manual');
INSERT INTO veritascan_items (scan_id, item_id, status, notes, owner, due_date, updated_at, completion_source) VALUES ((SELECT id FROM veritascan_scans WHERE user_id=17 AND name LIKE '%[SEED-2026-05-03-MODULES]%' ORDER BY id DESC LIMIT 1), 163, 'Compliant', NULL, 'Michael Veri', NULL, '2026-05-03T19:44:43Z', 'manual');
INSERT INTO veritascan_items (scan_id, item_id, status, notes, owner, due_date, updated_at, completion_source) VALUES ((SELECT id FROM veritascan_scans WHERE user_id=17 AND name LIKE '%[SEED-2026-05-03-MODULES]%' ORDER BY id DESC LIMIT 1), 164, 'Compliant', NULL, 'Michael Veri', NULL, '2026-05-03T19:44:43Z', 'manual');
INSERT INTO veritascan_items (scan_id, item_id, status, notes, owner, due_date, updated_at, completion_source) VALUES ((SELECT id FROM veritascan_scans WHERE user_id=17 AND name LIKE '%[SEED-2026-05-03-MODULES]%' ORDER BY id DESC LIMIT 1), 165, 'Compliant', NULL, 'Michael Veri', NULL, '2026-05-03T19:44:43Z', 'manual');
INSERT INTO veritascan_items (scan_id, item_id, status, notes, owner, due_date, updated_at, completion_source) VALUES ((SELECT id FROM veritascan_scans WHERE user_id=17 AND name LIKE '%[SEED-2026-05-03-MODULES]%' ORDER BY id DESC LIMIT 1), 166, 'Compliant', NULL, 'Michael Veri', NULL, '2026-05-03T19:44:43Z', 'manual');
INSERT INTO veritascan_items (scan_id, item_id, status, notes, owner, due_date, updated_at, completion_source) VALUES ((SELECT id FROM veritascan_scans WHERE user_id=17 AND name LIKE '%[SEED-2026-05-03-MODULES]%' ORDER BY id DESC LIMIT 1), 167, 'Compliant', NULL, 'Michael Veri', NULL, '2026-05-03T19:44:43Z', 'manual');
INSERT INTO veritascan_items (scan_id, item_id, status, notes, owner, due_date, updated_at, completion_source) VALUES ((SELECT id FROM veritascan_scans WHERE user_id=17 AND name LIKE '%[SEED-2026-05-03-MODULES]%' ORDER BY id DESC LIMIT 1), 168, 'Compliant', NULL, 'Michael Veri', NULL, '2026-05-03T19:44:43Z', 'manual');

COMMIT;
