-- michaels_seed_all_modules_2026_05_03.sql
-- Seed tag: [SEED-2026-05-03-MODULES]

BEGIN;

-- Remove orphan cumsum data --
DELETE FROM cumsum_entries WHERE tracker_id IN (SELECT id FROM cumsum_trackers WHERE user_id=17);
DELETE FROM cumsum_trackers WHERE user_id=17;

-- PI entries (12 months x 14 metrics, realistic trends) --
INSERT OR REPLACE INTO pi_entries (metric_id, account_id, year, month, value, volume, notes, created_at, updated_at) VALUES ((SELECT id FROM pi_metrics WHERE account_id=17 AND name='Wasted Product Rate' LIMIT 1), 17, 2025, 5, 3.66, 886, '[SEED-2026-05-03-MODULES]', '2026-05-03T20:40:09Z', '2026-05-03T20:40:09Z');
INSERT OR REPLACE INTO pi_entries (metric_id, account_id, year, month, value, volume, notes, created_at, updated_at) VALUES ((SELECT id FROM pi_metrics WHERE account_id=17 AND name='Wasted Product Rate' LIMIT 1), 17, 2025, 6, 3.61, 928, '[SEED-2026-05-03-MODULES]', '2026-05-03T20:40:09Z', '2026-05-03T20:40:09Z');
INSERT OR REPLACE INTO pi_entries (metric_id, account_id, year, month, value, volume, notes, created_at, updated_at) VALUES ((SELECT id FROM pi_metrics WHERE account_id=17 AND name='Wasted Product Rate' LIMIT 1), 17, 2025, 7, 3.42, 957, '[SEED-2026-05-03-MODULES]', '2026-05-03T20:40:09Z', '2026-05-03T20:40:09Z');
INSERT OR REPLACE INTO pi_entries (metric_id, account_id, year, month, value, volume, notes, created_at, updated_at) VALUES ((SELECT id FROM pi_metrics WHERE account_id=17 AND name='Wasted Product Rate' LIMIT 1), 17, 2025, 8, 3.3, 877, '[SEED-2026-05-03-MODULES]', '2026-05-03T20:40:09Z', '2026-05-03T20:40:09Z');
INSERT OR REPLACE INTO pi_entries (metric_id, account_id, year, month, value, volume, notes, created_at, updated_at) VALUES ((SELECT id FROM pi_metrics WHERE account_id=17 AND name='Wasted Product Rate' LIMIT 1), 17, 2025, 9, 3.15, 943, '[SEED-2026-05-03-MODULES]', '2026-05-03T20:40:09Z', '2026-05-03T20:40:09Z');
INSERT OR REPLACE INTO pi_entries (metric_id, account_id, year, month, value, volume, notes, created_at, updated_at) VALUES ((SELECT id FROM pi_metrics WHERE account_id=17 AND name='Wasted Product Rate' LIMIT 1), 17, 2025, 10, 2.84, 968, '[SEED-2026-05-03-MODULES]', '2026-05-03T20:40:09Z', '2026-05-03T20:40:09Z');
INSERT OR REPLACE INTO pi_entries (metric_id, account_id, year, month, value, volume, notes, created_at, updated_at) VALUES ((SELECT id FROM pi_metrics WHERE account_id=17 AND name='Wasted Product Rate' LIMIT 1), 17, 2025, 11, 2.26, 986, '[SEED-2026-05-03-MODULES]', '2026-05-03T20:40:09Z', '2026-05-03T20:40:09Z');
INSERT OR REPLACE INTO pi_entries (metric_id, account_id, year, month, value, volume, notes, created_at, updated_at) VALUES ((SELECT id FROM pi_metrics WHERE account_id=17 AND name='Wasted Product Rate' LIMIT 1), 17, 2025, 12, 2.38, 904, '[SEED-2026-05-03-MODULES]', '2026-05-03T20:40:09Z', '2026-05-03T20:40:09Z');
INSERT OR REPLACE INTO pi_entries (metric_id, account_id, year, month, value, volume, notes, created_at, updated_at) VALUES ((SELECT id FROM pi_metrics WHERE account_id=17 AND name='Wasted Product Rate' LIMIT 1), 17, 2026, 1, 2.02, 960, '[SEED-2026-05-03-MODULES]', '2026-05-03T20:40:09Z', '2026-05-03T20:40:09Z');
INSERT OR REPLACE INTO pi_entries (metric_id, account_id, year, month, value, volume, notes, created_at, updated_at) VALUES ((SELECT id FROM pi_metrics WHERE account_id=17 AND name='Wasted Product Rate' LIMIT 1), 17, 2026, 2, 2.08, 979, '[SEED-2026-05-03-MODULES]', '2026-05-03T20:40:09Z', '2026-05-03T20:40:09Z');
INSERT OR REPLACE INTO pi_entries (metric_id, account_id, year, month, value, volume, notes, created_at, updated_at) VALUES ((SELECT id FROM pi_metrics WHERE account_id=17 AND name='Wasted Product Rate' LIMIT 1), 17, 2026, 3, 1.49, 952, '[SEED-2026-05-03-MODULES]', '2026-05-03T20:40:09Z', '2026-05-03T20:40:09Z');
INSERT OR REPLACE INTO pi_entries (metric_id, account_id, year, month, value, volume, notes, created_at, updated_at) VALUES ((SELECT id FROM pi_metrics WHERE account_id=17 AND name='Wasted Product Rate' LIMIT 1), 17, 2026, 4, 1.27, 934, '[SEED-2026-05-03-MODULES]', '2026-05-03T20:40:09Z', '2026-05-03T20:40:09Z');
INSERT OR REPLACE INTO pi_entries (metric_id, account_id, year, month, value, volume, notes, created_at, updated_at) VALUES ((SELECT id FROM pi_metrics WHERE account_id=17 AND name='Transfusion Reaction Rate' LIMIT 1), 17, 2025, 5, 0.84, 421, '[SEED-2026-05-03-MODULES]', '2026-05-03T20:40:09Z', '2026-05-03T20:40:09Z');
INSERT OR REPLACE INTO pi_entries (metric_id, account_id, year, month, value, volume, notes, created_at, updated_at) VALUES ((SELECT id FROM pi_metrics WHERE account_id=17 AND name='Transfusion Reaction Rate' LIMIT 1), 17, 2025, 6, 0.77, 429, '[SEED-2026-05-03-MODULES]', '2026-05-03T20:40:09Z', '2026-05-03T20:40:09Z');
INSERT OR REPLACE INTO pi_entries (metric_id, account_id, year, month, value, volume, notes, created_at, updated_at) VALUES ((SELECT id FROM pi_metrics WHERE account_id=17 AND name='Transfusion Reaction Rate' LIMIT 1), 17, 2025, 7, 0.7, 432, '[SEED-2026-05-03-MODULES]', '2026-05-03T20:40:09Z', '2026-05-03T20:40:09Z');
INSERT OR REPLACE INTO pi_entries (metric_id, account_id, year, month, value, volume, notes, created_at, updated_at) VALUES ((SELECT id FROM pi_metrics WHERE account_id=17 AND name='Transfusion Reaction Rate' LIMIT 1), 17, 2025, 8, 0.68, 457, '[SEED-2026-05-03-MODULES]', '2026-05-03T20:40:09Z', '2026-05-03T20:40:09Z');
INSERT OR REPLACE INTO pi_entries (metric_id, account_id, year, month, value, volume, notes, created_at, updated_at) VALUES ((SELECT id FROM pi_metrics WHERE account_id=17 AND name='Transfusion Reaction Rate' LIMIT 1), 17, 2025, 9, 0.75, 472, '[SEED-2026-05-03-MODULES]', '2026-05-03T20:40:09Z', '2026-05-03T20:40:09Z');
INSERT OR REPLACE INTO pi_entries (metric_id, account_id, year, month, value, volume, notes, created_at, updated_at) VALUES ((SELECT id FROM pi_metrics WHERE account_id=17 AND name='Transfusion Reaction Rate' LIMIT 1), 17, 2025, 10, 0.6, 447, '[SEED-2026-05-03-MODULES]', '2026-05-03T20:40:09Z', '2026-05-03T20:40:09Z');
INSERT OR REPLACE INTO pi_entries (metric_id, account_id, year, month, value, volume, notes, created_at, updated_at) VALUES ((SELECT id FROM pi_metrics WHERE account_id=17 AND name='Transfusion Reaction Rate' LIMIT 1), 17, 2025, 11, 0.58, 444, '[SEED-2026-05-03-MODULES]', '2026-05-03T20:40:09Z', '2026-05-03T20:40:09Z');
INSERT OR REPLACE INTO pi_entries (metric_id, account_id, year, month, value, volume, notes, created_at, updated_at) VALUES ((SELECT id FROM pi_metrics WHERE account_id=17 AND name='Transfusion Reaction Rate' LIMIT 1), 17, 2025, 12, 0.54, 479, '[SEED-2026-05-03-MODULES]', '2026-05-03T20:40:09Z', '2026-05-03T20:40:09Z');
INSERT OR REPLACE INTO pi_entries (metric_id, account_id, year, month, value, volume, notes, created_at, updated_at) VALUES ((SELECT id FROM pi_metrics WHERE account_id=17 AND name='Transfusion Reaction Rate' LIMIT 1), 17, 2026, 1, 0.43, 504, '[SEED-2026-05-03-MODULES]', '2026-05-03T20:40:09Z', '2026-05-03T20:40:09Z');
INSERT OR REPLACE INTO pi_entries (metric_id, account_id, year, month, value, volume, notes, created_at, updated_at) VALUES ((SELECT id FROM pi_metrics WHERE account_id=17 AND name='Transfusion Reaction Rate' LIMIT 1), 17, 2026, 2, 0.38, 460, '[SEED-2026-05-03-MODULES]', '2026-05-03T20:40:09Z', '2026-05-03T20:40:09Z');
INSERT OR REPLACE INTO pi_entries (metric_id, account_id, year, month, value, volume, notes, created_at, updated_at) VALUES ((SELECT id FROM pi_metrics WHERE account_id=17 AND name='Transfusion Reaction Rate' LIMIT 1), 17, 2026, 3, 0.3, 459, '[SEED-2026-05-03-MODULES]', '2026-05-03T20:40:09Z', '2026-05-03T20:40:09Z');
INSERT OR REPLACE INTO pi_entries (metric_id, account_id, year, month, value, volume, notes, created_at, updated_at) VALUES ((SELECT id FROM pi_metrics WHERE account_id=17 AND name='Transfusion Reaction Rate' LIMIT 1), 17, 2026, 4, 0.34, 467, '[SEED-2026-05-03-MODULES]', '2026-05-03T20:40:09Z', '2026-05-03T20:40:09Z');
INSERT OR REPLACE INTO pi_entries (metric_id, account_id, year, month, value, volume, notes, created_at, updated_at) VALUES ((SELECT id FROM pi_metrics WHERE account_id=17 AND name='Crossmatch-to-Transfusion Ratio' LIMIT 1), 17, 2025, 5, 2.45, 953, '[SEED-2026-05-03-MODULES]', '2026-05-03T20:40:09Z', '2026-05-03T20:40:09Z');
INSERT OR REPLACE INTO pi_entries (metric_id, account_id, year, month, value, volume, notes, created_at, updated_at) VALUES ((SELECT id FROM pi_metrics WHERE account_id=17 AND name='Crossmatch-to-Transfusion Ratio' LIMIT 1), 17, 2025, 6, 2.38, 938, '[SEED-2026-05-03-MODULES]', '2026-05-03T20:40:09Z', '2026-05-03T20:40:09Z');
INSERT OR REPLACE INTO pi_entries (metric_id, account_id, year, month, value, volume, notes, created_at, updated_at) VALUES ((SELECT id FROM pi_metrics WHERE account_id=17 AND name='Crossmatch-to-Transfusion Ratio' LIMIT 1), 17, 2025, 7, 2.45, 940, '[SEED-2026-05-03-MODULES]', '2026-05-03T20:40:09Z', '2026-05-03T20:40:09Z');
INSERT OR REPLACE INTO pi_entries (metric_id, account_id, year, month, value, volume, notes, created_at, updated_at) VALUES ((SELECT id FROM pi_metrics WHERE account_id=17 AND name='Crossmatch-to-Transfusion Ratio' LIMIT 1), 17, 2025, 8, 2.3, 888, '[SEED-2026-05-03-MODULES]', '2026-05-03T20:40:09Z', '2026-05-03T20:40:09Z');
INSERT OR REPLACE INTO pi_entries (metric_id, account_id, year, month, value, volume, notes, created_at, updated_at) VALUES ((SELECT id FROM pi_metrics WHERE account_id=17 AND name='Crossmatch-to-Transfusion Ratio' LIMIT 1), 17, 2025, 9, 2.11, 865, '[SEED-2026-05-03-MODULES]', '2026-05-03T20:40:09Z', '2026-05-03T20:40:09Z');
INSERT OR REPLACE INTO pi_entries (metric_id, account_id, year, month, value, volume, notes, created_at, updated_at) VALUES ((SELECT id FROM pi_metrics WHERE account_id=17 AND name='Crossmatch-to-Transfusion Ratio' LIMIT 1), 17, 2025, 10, 2.2, 934, '[SEED-2026-05-03-MODULES]', '2026-05-03T20:40:09Z', '2026-05-03T20:40:09Z');
INSERT OR REPLACE INTO pi_entries (metric_id, account_id, year, month, value, volume, notes, created_at, updated_at) VALUES ((SELECT id FROM pi_metrics WHERE account_id=17 AND name='Crossmatch-to-Transfusion Ratio' LIMIT 1), 17, 2025, 11, 1.98, 993, '[SEED-2026-05-03-MODULES]', '2026-05-03T20:40:09Z', '2026-05-03T20:40:09Z');
INSERT OR REPLACE INTO pi_entries (metric_id, account_id, year, month, value, volume, notes, created_at, updated_at) VALUES ((SELECT id FROM pi_metrics WHERE account_id=17 AND name='Crossmatch-to-Transfusion Ratio' LIMIT 1), 17, 2025, 12, 2.02, 909, '[SEED-2026-05-03-MODULES]', '2026-05-03T20:40:09Z', '2026-05-03T20:40:09Z');
INSERT OR REPLACE INTO pi_entries (metric_id, account_id, year, month, value, volume, notes, created_at, updated_at) VALUES ((SELECT id FROM pi_metrics WHERE account_id=17 AND name='Crossmatch-to-Transfusion Ratio' LIMIT 1), 17, 2026, 1, 1.92, 984, '[SEED-2026-05-03-MODULES]', '2026-05-03T20:40:09Z', '2026-05-03T20:40:09Z');
INSERT OR REPLACE INTO pi_entries (metric_id, account_id, year, month, value, volume, notes, created_at, updated_at) VALUES ((SELECT id FROM pi_metrics WHERE account_id=17 AND name='Crossmatch-to-Transfusion Ratio' LIMIT 1), 17, 2026, 2, 1.9, 894, '[SEED-2026-05-03-MODULES]', '2026-05-03T20:40:09Z', '2026-05-03T20:40:09Z');
INSERT OR REPLACE INTO pi_entries (metric_id, account_id, year, month, value, volume, notes, created_at, updated_at) VALUES ((SELECT id FROM pi_metrics WHERE account_id=17 AND name='Crossmatch-to-Transfusion Ratio' LIMIT 1), 17, 2026, 3, 1.69, 971, '[SEED-2026-05-03-MODULES]', '2026-05-03T20:40:09Z', '2026-05-03T20:40:09Z');
INSERT OR REPLACE INTO pi_entries (metric_id, account_id, year, month, value, volume, notes, created_at, updated_at) VALUES ((SELECT id FROM pi_metrics WHERE account_id=17 AND name='Crossmatch-to-Transfusion Ratio' LIMIT 1), 17, 2026, 4, 1.77, 909, '[SEED-2026-05-03-MODULES]', '2026-05-03T20:40:09Z', '2026-05-03T20:40:09Z');
INSERT OR REPLACE INTO pi_entries (metric_id, account_id, year, month, value, volume, notes, created_at, updated_at) VALUES ((SELECT id FROM pi_metrics WHERE account_id=17 AND name='C. difficile Rate' LIMIT 1), 17, 2025, 5, 5.11, 1893, '[SEED-2026-05-03-MODULES]', '2026-05-03T20:40:09Z', '2026-05-03T20:40:09Z');
INSERT OR REPLACE INTO pi_entries (metric_id, account_id, year, month, value, volume, notes, created_at, updated_at) VALUES ((SELECT id FROM pi_metrics WHERE account_id=17 AND name='C. difficile Rate' LIMIT 1), 17, 2025, 6, 4.16, 1904, '[SEED-2026-05-03-MODULES]', '2026-05-03T20:40:09Z', '2026-05-03T20:40:09Z');
INSERT OR REPLACE INTO pi_entries (metric_id, account_id, year, month, value, volume, notes, created_at, updated_at) VALUES ((SELECT id FROM pi_metrics WHERE account_id=17 AND name='C. difficile Rate' LIMIT 1), 17, 2025, 7, 3.99, 1881, '[SEED-2026-05-03-MODULES]', '2026-05-03T20:40:09Z', '2026-05-03T20:40:09Z');
INSERT OR REPLACE INTO pi_entries (metric_id, account_id, year, month, value, volume, notes, created_at, updated_at) VALUES ((SELECT id FROM pi_metrics WHERE account_id=17 AND name='C. difficile Rate' LIMIT 1), 17, 2025, 8, 4.16, 1864, '[SEED-2026-05-03-MODULES]', '2026-05-03T20:40:09Z', '2026-05-03T20:40:09Z');
INSERT OR REPLACE INTO pi_entries (metric_id, account_id, year, month, value, volume, notes, created_at, updated_at) VALUES ((SELECT id FROM pi_metrics WHERE account_id=17 AND name='C. difficile Rate' LIMIT 1), 17, 2025, 9, 3.43, 1842, '[SEED-2026-05-03-MODULES]', '2026-05-03T20:40:09Z', '2026-05-03T20:40:09Z');
INSERT OR REPLACE INTO pi_entries (metric_id, account_id, year, month, value, volume, notes, created_at, updated_at) VALUES ((SELECT id FROM pi_metrics WHERE account_id=17 AND name='C. difficile Rate' LIMIT 1), 17, 2025, 10, 3.8, 1985, '[SEED-2026-05-03-MODULES]', '2026-05-03T20:40:09Z', '2026-05-03T20:40:09Z');
INSERT OR REPLACE INTO pi_entries (metric_id, account_id, year, month, value, volume, notes, created_at, updated_at) VALUES ((SELECT id FROM pi_metrics WHERE account_id=17 AND name='C. difficile Rate' LIMIT 1), 17, 2025, 11, 3.15, 1908, '[SEED-2026-05-03-MODULES]', '2026-05-03T20:40:09Z', '2026-05-03T20:40:09Z');
INSERT OR REPLACE INTO pi_entries (metric_id, account_id, year, month, value, volume, notes, created_at, updated_at) VALUES ((SELECT id FROM pi_metrics WHERE account_id=17 AND name='C. difficile Rate' LIMIT 1), 17, 2025, 12, 2.86, 1778, '[SEED-2026-05-03-MODULES]', '2026-05-03T20:40:09Z', '2026-05-03T20:40:09Z');
INSERT OR REPLACE INTO pi_entries (metric_id, account_id, year, month, value, volume, notes, created_at, updated_at) VALUES ((SELECT id FROM pi_metrics WHERE account_id=17 AND name='C. difficile Rate' LIMIT 1), 17, 2026, 1, 2.62, 1886, '[SEED-2026-05-03-MODULES]', '2026-05-03T20:40:09Z', '2026-05-03T20:40:09Z');
INSERT OR REPLACE INTO pi_entries (metric_id, account_id, year, month, value, volume, notes, created_at, updated_at) VALUES ((SELECT id FROM pi_metrics WHERE account_id=17 AND name='C. difficile Rate' LIMIT 1), 17, 2026, 2, 2.26, 1994, '[SEED-2026-05-03-MODULES]', '2026-05-03T20:40:09Z', '2026-05-03T20:40:09Z');
INSERT OR REPLACE INTO pi_entries (metric_id, account_id, year, month, value, volume, notes, created_at, updated_at) VALUES ((SELECT id FROM pi_metrics WHERE account_id=17 AND name='C. difficile Rate' LIMIT 1), 17, 2026, 3, 2.72, 2058, '[SEED-2026-05-03-MODULES]', '2026-05-03T20:40:09Z', '2026-05-03T20:40:09Z');
INSERT OR REPLACE INTO pi_entries (metric_id, account_id, year, month, value, volume, notes, created_at, updated_at) VALUES ((SELECT id FROM pi_metrics WHERE account_id=17 AND name='C. difficile Rate' LIMIT 1), 17, 2026, 4, 1.86, 1822, '[SEED-2026-05-03-MODULES]', '2026-05-03T20:40:09Z', '2026-05-03T20:40:09Z');
INSERT OR REPLACE INTO pi_entries (metric_id, account_id, year, month, value, volume, notes, created_at, updated_at) VALUES ((SELECT id FROM pi_metrics WHERE account_id=17 AND name='MRSA Rate' LIMIT 1), 17, 2025, 5, 2.7, 1742, '[SEED-2026-05-03-MODULES]', '2026-05-03T20:40:09Z', '2026-05-03T20:40:09Z');
INSERT OR REPLACE INTO pi_entries (metric_id, account_id, year, month, value, volume, notes, created_at, updated_at) VALUES ((SELECT id FROM pi_metrics WHERE account_id=17 AND name='MRSA Rate' LIMIT 1), 17, 2025, 6, 2.59, 1872, '[SEED-2026-05-03-MODULES]', '2026-05-03T20:40:09Z', '2026-05-03T20:40:09Z');
INSERT OR REPLACE INTO pi_entries (metric_id, account_id, year, month, value, volume, notes, created_at, updated_at) VALUES ((SELECT id FROM pi_metrics WHERE account_id=17 AND name='MRSA Rate' LIMIT 1), 17, 2025, 7, 2.39, 1766, '[SEED-2026-05-03-MODULES]', '2026-05-03T20:40:09Z', '2026-05-03T20:40:09Z');
INSERT OR REPLACE INTO pi_entries (metric_id, account_id, year, month, value, volume, notes, created_at, updated_at) VALUES ((SELECT id FROM pi_metrics WHERE account_id=17 AND name='MRSA Rate' LIMIT 1), 17, 2025, 8, 2.29, 1758, '[SEED-2026-05-03-MODULES]', '2026-05-03T20:40:09Z', '2026-05-03T20:40:09Z');
INSERT OR REPLACE INTO pi_entries (metric_id, account_id, year, month, value, volume, notes, created_at, updated_at) VALUES ((SELECT id FROM pi_metrics WHERE account_id=17 AND name='MRSA Rate' LIMIT 1), 17, 2025, 9, 1.85, 1784, '[SEED-2026-05-03-MODULES]', '2026-05-03T20:40:09Z', '2026-05-03T20:40:09Z');
INSERT OR REPLACE INTO pi_entries (metric_id, account_id, year, month, value, volume, notes, created_at, updated_at) VALUES ((SELECT id FROM pi_metrics WHERE account_id=17 AND name='MRSA Rate' LIMIT 1), 17, 2025, 10, 2.11, 1736, '[SEED-2026-05-03-MODULES]', '2026-05-03T20:40:09Z', '2026-05-03T20:40:09Z');
INSERT OR REPLACE INTO pi_entries (metric_id, account_id, year, month, value, volume, notes, created_at, updated_at) VALUES ((SELECT id FROM pi_metrics WHERE account_id=17 AND name='MRSA Rate' LIMIT 1), 17, 2025, 11, 1.76, 1965, '[SEED-2026-05-03-MODULES]', '2026-05-03T20:40:09Z', '2026-05-03T20:40:09Z');
INSERT OR REPLACE INTO pi_entries (metric_id, account_id, year, month, value, volume, notes, created_at, updated_at) VALUES ((SELECT id FROM pi_metrics WHERE account_id=17 AND name='MRSA Rate' LIMIT 1), 17, 2025, 12, 1.53, 1762, '[SEED-2026-05-03-MODULES]', '2026-05-03T20:40:09Z', '2026-05-03T20:40:09Z');
INSERT OR REPLACE INTO pi_entries (metric_id, account_id, year, month, value, volume, notes, created_at, updated_at) VALUES ((SELECT id FROM pi_metrics WHERE account_id=17 AND name='MRSA Rate' LIMIT 1), 17, 2026, 1, 1.32, 1876, '[SEED-2026-05-03-MODULES]', '2026-05-03T20:40:09Z', '2026-05-03T20:40:09Z');
INSERT OR REPLACE INTO pi_entries (metric_id, account_id, year, month, value, volume, notes, created_at, updated_at) VALUES ((SELECT id FROM pi_metrics WHERE account_id=17 AND name='MRSA Rate' LIMIT 1), 17, 2026, 2, 1.33, 1891, '[SEED-2026-05-03-MODULES]', '2026-05-03T20:40:09Z', '2026-05-03T20:40:09Z');
INSERT OR REPLACE INTO pi_entries (metric_id, account_id, year, month, value, volume, notes, created_at, updated_at) VALUES ((SELECT id FROM pi_metrics WHERE account_id=17 AND name='MRSA Rate' LIMIT 1), 17, 2026, 3, 1.14, 1798, '[SEED-2026-05-03-MODULES]', '2026-05-03T20:40:09Z', '2026-05-03T20:40:09Z');
INSERT OR REPLACE INTO pi_entries (metric_id, account_id, year, month, value, volume, notes, created_at, updated_at) VALUES ((SELECT id FROM pi_metrics WHERE account_id=17 AND name='MRSA Rate' LIMIT 1), 17, 2026, 4, 1.13, 1818, '[SEED-2026-05-03-MODULES]', '2026-05-03T20:40:09Z', '2026-05-03T20:40:09Z');
INSERT OR REPLACE INTO pi_entries (metric_id, account_id, year, month, value, volume, notes, created_at, updated_at) VALUES ((SELECT id FROM pi_metrics WHERE account_id=17 AND name='Blood Culture Contamination Rate' LIMIT 1), 17, 2025, 5, 3.16, 1398, '[SEED-2026-05-03-MODULES]', '2026-05-03T20:40:09Z', '2026-05-03T20:40:09Z');
INSERT OR REPLACE INTO pi_entries (metric_id, account_id, year, month, value, volume, notes, created_at, updated_at) VALUES ((SELECT id FROM pi_metrics WHERE account_id=17 AND name='Blood Culture Contamination Rate' LIMIT 1), 17, 2025, 6, 2.88, 1447, '[SEED-2026-05-03-MODULES]', '2026-05-03T20:40:09Z', '2026-05-03T20:40:09Z');
INSERT OR REPLACE INTO pi_entries (metric_id, account_id, year, month, value, volume, notes, created_at, updated_at) VALUES ((SELECT id FROM pi_metrics WHERE account_id=17 AND name='Blood Culture Contamination Rate' LIMIT 1), 17, 2025, 7, 2.66, 1550, '[SEED-2026-05-03-MODULES]', '2026-05-03T20:40:09Z', '2026-05-03T20:40:09Z');
INSERT OR REPLACE INTO pi_entries (metric_id, account_id, year, month, value, volume, notes, created_at, updated_at) VALUES ((SELECT id FROM pi_metrics WHERE account_id=17 AND name='Blood Culture Contamination Rate' LIMIT 1), 17, 2025, 8, 2.61, 1608, '[SEED-2026-05-03-MODULES]', '2026-05-03T20:40:09Z', '2026-05-03T20:40:09Z');
INSERT OR REPLACE INTO pi_entries (metric_id, account_id, year, month, value, volume, notes, created_at, updated_at) VALUES ((SELECT id FROM pi_metrics WHERE account_id=17 AND name='Blood Culture Contamination Rate' LIMIT 1), 17, 2025, 9, 2.34, 1493, '[SEED-2026-05-03-MODULES]', '2026-05-03T20:40:09Z', '2026-05-03T20:40:09Z');
INSERT OR REPLACE INTO pi_entries (metric_id, account_id, year, month, value, volume, notes, created_at, updated_at) VALUES ((SELECT id FROM pi_metrics WHERE account_id=17 AND name='Blood Culture Contamination Rate' LIMIT 1), 17, 2025, 10, 2.32, 1658, '[SEED-2026-05-03-MODULES]', '2026-05-03T20:40:09Z', '2026-05-03T20:40:09Z');
INSERT OR REPLACE INTO pi_entries (metric_id, account_id, year, month, value, volume, notes, created_at, updated_at) VALUES ((SELECT id FROM pi_metrics WHERE account_id=17 AND name='Blood Culture Contamination Rate' LIMIT 1), 17, 2025, 11, 2.05, 1575, '[SEED-2026-05-03-MODULES]', '2026-05-03T20:40:09Z', '2026-05-03T20:40:09Z');
INSERT OR REPLACE INTO pi_entries (metric_id, account_id, year, month, value, volume, notes, created_at, updated_at) VALUES ((SELECT id FROM pi_metrics WHERE account_id=17 AND name='Blood Culture Contamination Rate' LIMIT 1), 17, 2025, 12, 2.01, 1623, '[SEED-2026-05-03-MODULES]', '2026-05-03T20:40:09Z', '2026-05-03T20:40:09Z');
INSERT OR REPLACE INTO pi_entries (metric_id, account_id, year, month, value, volume, notes, created_at, updated_at) VALUES ((SELECT id FROM pi_metrics WHERE account_id=17 AND name='Blood Culture Contamination Rate' LIMIT 1), 17, 2026, 1, 1.97, 1688, '[SEED-2026-05-03-MODULES]', '2026-05-03T20:40:09Z', '2026-05-03T20:40:09Z');
INSERT OR REPLACE INTO pi_entries (metric_id, account_id, year, month, value, volume, notes, created_at, updated_at) VALUES ((SELECT id FROM pi_metrics WHERE account_id=17 AND name='Blood Culture Contamination Rate' LIMIT 1), 17, 2026, 2, 1.54, 1586, '[SEED-2026-05-03-MODULES]', '2026-05-03T20:40:09Z', '2026-05-03T20:40:09Z');
INSERT OR REPLACE INTO pi_entries (metric_id, account_id, year, month, value, volume, notes, created_at, updated_at) VALUES ((SELECT id FROM pi_metrics WHERE account_id=17 AND name='Blood Culture Contamination Rate' LIMIT 1), 17, 2026, 3, 1.46, 1688, '[SEED-2026-05-03-MODULES]', '2026-05-03T20:40:09Z', '2026-05-03T20:40:09Z');
INSERT OR REPLACE INTO pi_entries (metric_id, account_id, year, month, value, volume, notes, created_at, updated_at) VALUES ((SELECT id FROM pi_metrics WHERE account_id=17 AND name='Blood Culture Contamination Rate' LIMIT 1), 17, 2026, 4, 1.56, 1657, '[SEED-2026-05-03-MODULES]', '2026-05-03T20:40:09Z', '2026-05-03T20:40:09Z');
INSERT OR REPLACE INTO pi_entries (metric_id, account_id, year, month, value, volume, notes, created_at, updated_at) VALUES ((SELECT id FROM pi_metrics WHERE account_id=17 AND name='Urine Contamination Rate' LIMIT 1), 17, 2025, 5, 4.37, 3092, '[SEED-2026-05-03-MODULES]', '2026-05-03T20:40:09Z', '2026-05-03T20:40:09Z');
INSERT OR REPLACE INTO pi_entries (metric_id, account_id, year, month, value, volume, notes, created_at, updated_at) VALUES ((SELECT id FROM pi_metrics WHERE account_id=17 AND name='Urine Contamination Rate' LIMIT 1), 17, 2025, 6, 3.89, 3393, '[SEED-2026-05-03-MODULES]', '2026-05-03T20:40:09Z', '2026-05-03T20:40:09Z');
INSERT OR REPLACE INTO pi_entries (metric_id, account_id, year, month, value, volume, notes, created_at, updated_at) VALUES ((SELECT id FROM pi_metrics WHERE account_id=17 AND name='Urine Contamination Rate' LIMIT 1), 17, 2025, 7, 3.53, 3215, '[SEED-2026-05-03-MODULES]', '2026-05-03T20:40:09Z', '2026-05-03T20:40:09Z');
INSERT OR REPLACE INTO pi_entries (metric_id, account_id, year, month, value, volume, notes, created_at, updated_at) VALUES ((SELECT id FROM pi_metrics WHERE account_id=17 AND name='Urine Contamination Rate' LIMIT 1), 17, 2025, 8, 3.63, 3071, '[SEED-2026-05-03-MODULES]', '2026-05-03T20:40:09Z', '2026-05-03T20:40:09Z');
INSERT OR REPLACE INTO pi_entries (metric_id, account_id, year, month, value, volume, notes, created_at, updated_at) VALUES ((SELECT id FROM pi_metrics WHERE account_id=17 AND name='Urine Contamination Rate' LIMIT 1), 17, 2025, 9, 3.59, 3488, '[SEED-2026-05-03-MODULES]', '2026-05-03T20:40:09Z', '2026-05-03T20:40:09Z');
INSERT OR REPLACE INTO pi_entries (metric_id, account_id, year, month, value, volume, notes, created_at, updated_at) VALUES ((SELECT id FROM pi_metrics WHERE account_id=17 AND name='Urine Contamination Rate' LIMIT 1), 17, 2025, 10, 3.39, 3309, '[SEED-2026-05-03-MODULES]', '2026-05-03T20:40:09Z', '2026-05-03T20:40:09Z');
INSERT OR REPLACE INTO pi_entries (metric_id, account_id, year, month, value, volume, notes, created_at, updated_at) VALUES ((SELECT id FROM pi_metrics WHERE account_id=17 AND name='Urine Contamination Rate' LIMIT 1), 17, 2025, 11, 2.95, 3477, '[SEED-2026-05-03-MODULES]', '2026-05-03T20:40:09Z', '2026-05-03T20:40:09Z');
INSERT OR REPLACE INTO pi_entries (metric_id, account_id, year, month, value, volume, notes, created_at, updated_at) VALUES ((SELECT id FROM pi_metrics WHERE account_id=17 AND name='Urine Contamination Rate' LIMIT 1), 17, 2025, 12, 2.88, 3325, '[SEED-2026-05-03-MODULES]', '2026-05-03T20:40:09Z', '2026-05-03T20:40:09Z');
INSERT OR REPLACE INTO pi_entries (metric_id, account_id, year, month, value, volume, notes, created_at, updated_at) VALUES ((SELECT id FROM pi_metrics WHERE account_id=17 AND name='Urine Contamination Rate' LIMIT 1), 17, 2026, 1, 2.5, 3518, '[SEED-2026-05-03-MODULES]', '2026-05-03T20:40:09Z', '2026-05-03T20:40:09Z');
INSERT OR REPLACE INTO pi_entries (metric_id, account_id, year, month, value, volume, notes, created_at, updated_at) VALUES ((SELECT id FROM pi_metrics WHERE account_id=17 AND name='Urine Contamination Rate' LIMIT 1), 17, 2026, 2, 2.77, 3394, '[SEED-2026-05-03-MODULES]', '2026-05-03T20:40:09Z', '2026-05-03T20:40:09Z');
INSERT OR REPLACE INTO pi_entries (metric_id, account_id, year, month, value, volume, notes, created_at, updated_at) VALUES ((SELECT id FROM pi_metrics WHERE account_id=17 AND name='Urine Contamination Rate' LIMIT 1), 17, 2026, 3, 2.38, 3482, '[SEED-2026-05-03-MODULES]', '2026-05-03T20:40:09Z', '2026-05-03T20:40:09Z');
INSERT OR REPLACE INTO pi_entries (metric_id, account_id, year, month, value, volume, notes, created_at, updated_at) VALUES ((SELECT id FROM pi_metrics WHERE account_id=17 AND name='Urine Contamination Rate' LIMIT 1), 17, 2026, 4, 2.35, 3234, '[SEED-2026-05-03-MODULES]', '2026-05-03T20:40:09Z', '2026-05-03T20:40:09Z');
INSERT OR REPLACE INTO pi_entries (metric_id, account_id, year, month, value, volume, notes, created_at, updated_at) VALUES ((SELECT id FROM pi_metrics WHERE account_id=17 AND name='Avg TAT - Received to Verified' LIMIT 1), 17, 2025, 5, 76.0, 4936, '[SEED-2026-05-03-MODULES]', '2026-05-03T20:40:09Z', '2026-05-03T20:40:09Z');
INSERT OR REPLACE INTO pi_entries (metric_id, account_id, year, month, value, volume, notes, created_at, updated_at) VALUES ((SELECT id FROM pi_metrics WHERE account_id=17 AND name='Avg TAT - Received to Verified' LIMIT 1), 17, 2025, 6, 75.5, 4790, '[SEED-2026-05-03-MODULES]', '2026-05-03T20:40:09Z', '2026-05-03T20:40:09Z');
INSERT OR REPLACE INTO pi_entries (metric_id, account_id, year, month, value, volume, notes, created_at, updated_at) VALUES ((SELECT id FROM pi_metrics WHERE account_id=17 AND name='Avg TAT - Received to Verified' LIMIT 1), 17, 2025, 7, 72.8, 4985, '[SEED-2026-05-03-MODULES]', '2026-05-03T20:40:09Z', '2026-05-03T20:40:09Z');
INSERT OR REPLACE INTO pi_entries (metric_id, account_id, year, month, value, volume, notes, created_at, updated_at) VALUES ((SELECT id FROM pi_metrics WHERE account_id=17 AND name='Avg TAT - Received to Verified' LIMIT 1), 17, 2025, 8, 71.3, 4565, '[SEED-2026-05-03-MODULES]', '2026-05-03T20:40:09Z', '2026-05-03T20:40:09Z');
INSERT OR REPLACE INTO pi_entries (metric_id, account_id, year, month, value, volume, notes, created_at, updated_at) VALUES ((SELECT id FROM pi_metrics WHERE account_id=17 AND name='Avg TAT - Received to Verified' LIMIT 1), 17, 2025, 9, 68.5, 5263, '[SEED-2026-05-03-MODULES]', '2026-05-03T20:40:09Z', '2026-05-03T20:40:09Z');
INSERT OR REPLACE INTO pi_entries (metric_id, account_id, year, month, value, volume, notes, created_at, updated_at) VALUES ((SELECT id FROM pi_metrics WHERE account_id=17 AND name='Avg TAT - Received to Verified' LIMIT 1), 17, 2025, 10, 67.2, 4981, '[SEED-2026-05-03-MODULES]', '2026-05-03T20:40:09Z', '2026-05-03T20:40:09Z');
INSERT OR REPLACE INTO pi_entries (metric_id, account_id, year, month, value, volume, notes, created_at, updated_at) VALUES ((SELECT id FROM pi_metrics WHERE account_id=17 AND name='Avg TAT - Received to Verified' LIMIT 1), 17, 2025, 11, 60.0, 4734, '[SEED-2026-05-03-MODULES]', '2026-05-03T20:40:09Z', '2026-05-03T20:40:09Z');
INSERT OR REPLACE INTO pi_entries (metric_id, account_id, year, month, value, volume, notes, created_at, updated_at) VALUES ((SELECT id FROM pi_metrics WHERE account_id=17 AND name='Avg TAT - Received to Verified' LIMIT 1), 17, 2025, 12, 61.8, 4812, '[SEED-2026-05-03-MODULES]', '2026-05-03T20:40:09Z', '2026-05-03T20:40:09Z');
INSERT OR REPLACE INTO pi_entries (metric_id, account_id, year, month, value, volume, notes, created_at, updated_at) VALUES ((SELECT id FROM pi_metrics WHERE account_id=17 AND name='Avg TAT - Received to Verified' LIMIT 1), 17, 2026, 1, 56.8, 5310, '[SEED-2026-05-03-MODULES]', '2026-05-03T20:40:09Z', '2026-05-03T20:40:09Z');
INSERT OR REPLACE INTO pi_entries (metric_id, account_id, year, month, value, volume, notes, created_at, updated_at) VALUES ((SELECT id FROM pi_metrics WHERE account_id=17 AND name='Avg TAT - Received to Verified' LIMIT 1), 17, 2026, 2, 56.7, 5169, '[SEED-2026-05-03-MODULES]', '2026-05-03T20:40:09Z', '2026-05-03T20:40:09Z');
INSERT OR REPLACE INTO pi_entries (metric_id, account_id, year, month, value, volume, notes, created_at, updated_at) VALUES ((SELECT id FROM pi_metrics WHERE account_id=17 AND name='Avg TAT - Received to Verified' LIMIT 1), 17, 2026, 3, 52.2, 4794, '[SEED-2026-05-03-MODULES]', '2026-05-03T20:40:09Z', '2026-05-03T20:40:09Z');
INSERT OR REPLACE INTO pi_entries (metric_id, account_id, year, month, value, volume, notes, created_at, updated_at) VALUES ((SELECT id FROM pi_metrics WHERE account_id=17 AND name='Avg TAT - Received to Verified' LIMIT 1), 17, 2026, 4, 48.7, 5086, '[SEED-2026-05-03-MODULES]', '2026-05-03T20:40:09Z', '2026-05-03T20:40:09Z');
INSERT OR REPLACE INTO pi_entries (metric_id, account_id, year, month, value, volume, notes, created_at, updated_at) VALUES ((SELECT id FROM pi_metrics WHERE account_id=17 AND name='Avg TAT - Ordered to Collected' LIMIT 1), 17, 2025, 5, 24.6, 4769, '[SEED-2026-05-03-MODULES]', '2026-05-03T20:40:09Z', '2026-05-03T20:40:09Z');
INSERT OR REPLACE INTO pi_entries (metric_id, account_id, year, month, value, volume, notes, created_at, updated_at) VALUES ((SELECT id FROM pi_metrics WHERE account_id=17 AND name='Avg TAT - Ordered to Collected' LIMIT 1), 17, 2025, 6, 25.2, 5001, '[SEED-2026-05-03-MODULES]', '2026-05-03T20:40:09Z', '2026-05-03T20:40:09Z');
INSERT OR REPLACE INTO pi_entries (metric_id, account_id, year, month, value, volume, notes, created_at, updated_at) VALUES ((SELECT id FROM pi_metrics WHERE account_id=17 AND name='Avg TAT - Ordered to Collected' LIMIT 1), 17, 2025, 7, 24.5, 4756, '[SEED-2026-05-03-MODULES]', '2026-05-03T20:40:09Z', '2026-05-03T20:40:09Z');
INSERT OR REPLACE INTO pi_entries (metric_id, account_id, year, month, value, volume, notes, created_at, updated_at) VALUES ((SELECT id FROM pi_metrics WHERE account_id=17 AND name='Avg TAT - Ordered to Collected' LIMIT 1), 17, 2025, 8, 22.4, 5225, '[SEED-2026-05-03-MODULES]', '2026-05-03T20:40:09Z', '2026-05-03T20:40:09Z');
INSERT OR REPLACE INTO pi_entries (metric_id, account_id, year, month, value, volume, notes, created_at, updated_at) VALUES ((SELECT id FROM pi_metrics WHERE account_id=17 AND name='Avg TAT - Ordered to Collected' LIMIT 1), 17, 2025, 9, 22.8, 4938, '[SEED-2026-05-03-MODULES]', '2026-05-03T20:40:09Z', '2026-05-03T20:40:09Z');
INSERT OR REPLACE INTO pi_entries (metric_id, account_id, year, month, value, volume, notes, created_at, updated_at) VALUES ((SELECT id FROM pi_metrics WHERE account_id=17 AND name='Avg TAT - Ordered to Collected' LIMIT 1), 17, 2025, 10, 22.0, 5011, '[SEED-2026-05-03-MODULES]', '2026-05-03T20:40:09Z', '2026-05-03T20:40:09Z');
INSERT OR REPLACE INTO pi_entries (metric_id, account_id, year, month, value, volume, notes, created_at, updated_at) VALUES ((SELECT id FROM pi_metrics WHERE account_id=17 AND name='Avg TAT - Ordered to Collected' LIMIT 1), 17, 2025, 11, 21.0, 4953, '[SEED-2026-05-03-MODULES]', '2026-05-03T20:40:09Z', '2026-05-03T20:40:09Z');
INSERT OR REPLACE INTO pi_entries (metric_id, account_id, year, month, value, volume, notes, created_at, updated_at) VALUES ((SELECT id FROM pi_metrics WHERE account_id=17 AND name='Avg TAT - Ordered to Collected' LIMIT 1), 17, 2025, 12, 19.9, 5073, '[SEED-2026-05-03-MODULES]', '2026-05-03T20:40:09Z', '2026-05-03T20:40:09Z');
INSERT OR REPLACE INTO pi_entries (metric_id, account_id, year, month, value, volume, notes, created_at, updated_at) VALUES ((SELECT id FROM pi_metrics WHERE account_id=17 AND name='Avg TAT - Ordered to Collected' LIMIT 1), 17, 2026, 1, 18.9, 5315, '[SEED-2026-05-03-MODULES]', '2026-05-03T20:40:09Z', '2026-05-03T20:40:09Z');
INSERT OR REPLACE INTO pi_entries (metric_id, account_id, year, month, value, volume, notes, created_at, updated_at) VALUES ((SELECT id FROM pi_metrics WHERE account_id=17 AND name='Avg TAT - Ordered to Collected' LIMIT 1), 17, 2026, 2, 16.8, 5386, '[SEED-2026-05-03-MODULES]', '2026-05-03T20:40:09Z', '2026-05-03T20:40:09Z');
INSERT OR REPLACE INTO pi_entries (metric_id, account_id, year, month, value, volume, notes, created_at, updated_at) VALUES ((SELECT id FROM pi_metrics WHERE account_id=17 AND name='Avg TAT - Ordered to Collected' LIMIT 1), 17, 2026, 3, 16.2, 5095, '[SEED-2026-05-03-MODULES]', '2026-05-03T20:40:09Z', '2026-05-03T20:40:09Z');
INSERT OR REPLACE INTO pi_entries (metric_id, account_id, year, month, value, volume, notes, created_at, updated_at) VALUES ((SELECT id FROM pi_metrics WHERE account_id=17 AND name='Avg TAT - Ordered to Collected' LIMIT 1), 17, 2026, 4, 15.9, 5341, '[SEED-2026-05-03-MODULES]', '2026-05-03T20:40:09Z', '2026-05-03T20:40:09Z');
INSERT OR REPLACE INTO pi_entries (metric_id, account_id, year, month, value, volume, notes, created_at, updated_at) VALUES ((SELECT id FROM pi_metrics WHERE account_id=17 AND name='Avg TAT - Collected to Received' LIMIT 1), 17, 2025, 5, 38.8, 5102, '[SEED-2026-05-03-MODULES]', '2026-05-03T20:40:09Z', '2026-05-03T20:40:09Z');
INSERT OR REPLACE INTO pi_entries (metric_id, account_id, year, month, value, volume, notes, created_at, updated_at) VALUES ((SELECT id FROM pi_metrics WHERE account_id=17 AND name='Avg TAT - Collected to Received' LIMIT 1), 17, 2025, 6, 40.0, 4617, '[SEED-2026-05-03-MODULES]', '2026-05-03T20:40:09Z', '2026-05-03T20:40:09Z');
INSERT OR REPLACE INTO pi_entries (metric_id, account_id, year, month, value, volume, notes, created_at, updated_at) VALUES ((SELECT id FROM pi_metrics WHERE account_id=17 AND name='Avg TAT - Collected to Received' LIMIT 1), 17, 2025, 7, 38.6, 4842, '[SEED-2026-05-03-MODULES]', '2026-05-03T20:40:09Z', '2026-05-03T20:40:09Z');
INSERT OR REPLACE INTO pi_entries (metric_id, account_id, year, month, value, volume, notes, created_at, updated_at) VALUES ((SELECT id FROM pi_metrics WHERE account_id=17 AND name='Avg TAT - Collected to Received' LIMIT 1), 17, 2025, 8, 35.0, 4673, '[SEED-2026-05-03-MODULES]', '2026-05-03T20:40:09Z', '2026-05-03T20:40:09Z');
INSERT OR REPLACE INTO pi_entries (metric_id, account_id, year, month, value, volume, notes, created_at, updated_at) VALUES ((SELECT id FROM pi_metrics WHERE account_id=17 AND name='Avg TAT - Collected to Received' LIMIT 1), 17, 2025, 9, 32.7, 5217, '[SEED-2026-05-03-MODULES]', '2026-05-03T20:40:09Z', '2026-05-03T20:40:09Z');
INSERT OR REPLACE INTO pi_entries (metric_id, account_id, year, month, value, volume, notes, created_at, updated_at) VALUES ((SELECT id FROM pi_metrics WHERE account_id=17 AND name='Avg TAT - Collected to Received' LIMIT 1), 17, 2025, 10, 34.3, 4910, '[SEED-2026-05-03-MODULES]', '2026-05-03T20:40:09Z', '2026-05-03T20:40:09Z');
INSERT OR REPLACE INTO pi_entries (metric_id, account_id, year, month, value, volume, notes, created_at, updated_at) VALUES ((SELECT id FROM pi_metrics WHERE account_id=17 AND name='Avg TAT - Collected to Received' LIMIT 1), 17, 2025, 11, 31.1, 4805, '[SEED-2026-05-03-MODULES]', '2026-05-03T20:40:09Z', '2026-05-03T20:40:09Z');
INSERT OR REPLACE INTO pi_entries (metric_id, account_id, year, month, value, volume, notes, created_at, updated_at) VALUES ((SELECT id FROM pi_metrics WHERE account_id=17 AND name='Avg TAT - Collected to Received' LIMIT 1), 17, 2025, 12, 31.8, 4936, '[SEED-2026-05-03-MODULES]', '2026-05-03T20:40:09Z', '2026-05-03T20:40:09Z');
INSERT OR REPLACE INTO pi_entries (metric_id, account_id, year, month, value, volume, notes, created_at, updated_at) VALUES ((SELECT id FROM pi_metrics WHERE account_id=17 AND name='Avg TAT - Collected to Received' LIMIT 1), 17, 2026, 1, 29.6, 5084, '[SEED-2026-05-03-MODULES]', '2026-05-03T20:40:09Z', '2026-05-03T20:40:09Z');
INSERT OR REPLACE INTO pi_entries (metric_id, account_id, year, month, value, volume, notes, created_at, updated_at) VALUES ((SELECT id FROM pi_metrics WHERE account_id=17 AND name='Avg TAT - Collected to Received' LIMIT 1), 17, 2026, 2, 26.9, 5343, '[SEED-2026-05-03-MODULES]', '2026-05-03T20:40:09Z', '2026-05-03T20:40:09Z');
INSERT OR REPLACE INTO pi_entries (metric_id, account_id, year, month, value, volume, notes, created_at, updated_at) VALUES ((SELECT id FROM pi_metrics WHERE account_id=17 AND name='Avg TAT - Collected to Received' LIMIT 1), 17, 2026, 3, 26.9, 5291, '[SEED-2026-05-03-MODULES]', '2026-05-03T20:40:09Z', '2026-05-03T20:40:09Z');
INSERT OR REPLACE INTO pi_entries (metric_id, account_id, year, month, value, volume, notes, created_at, updated_at) VALUES ((SELECT id FROM pi_metrics WHERE account_id=17 AND name='Avg TAT - Collected to Received' LIMIT 1), 17, 2026, 4, 23.2, 4982, '[SEED-2026-05-03-MODULES]', '2026-05-03T20:40:09Z', '2026-05-03T20:40:09Z');
INSERT OR REPLACE INTO pi_entries (metric_id, account_id, year, month, value, volume, notes, created_at, updated_at) VALUES ((SELECT id FROM pi_metrics WHERE account_id=17 AND name='Avg TAT - Received to Resulted' LIMIT 1), 17, 2025, 5, 56.7, 4586, '[SEED-2026-05-03-MODULES]', '2026-05-03T20:40:09Z', '2026-05-03T20:40:09Z');
INSERT OR REPLACE INTO pi_entries (metric_id, account_id, year, month, value, volume, notes, created_at, updated_at) VALUES ((SELECT id FROM pi_metrics WHERE account_id=17 AND name='Avg TAT - Received to Resulted' LIMIT 1), 17, 2025, 6, 52.6, 4707, '[SEED-2026-05-03-MODULES]', '2026-05-03T20:40:09Z', '2026-05-03T20:40:09Z');
INSERT OR REPLACE INTO pi_entries (metric_id, account_id, year, month, value, volume, notes, created_at, updated_at) VALUES ((SELECT id FROM pi_metrics WHERE account_id=17 AND name='Avg TAT - Received to Resulted' LIMIT 1), 17, 2025, 7, 50.2, 5137, '[SEED-2026-05-03-MODULES]', '2026-05-03T20:40:09Z', '2026-05-03T20:40:09Z');
INSERT OR REPLACE INTO pi_entries (metric_id, account_id, year, month, value, volume, notes, created_at, updated_at) VALUES ((SELECT id FROM pi_metrics WHERE account_id=17 AND name='Avg TAT - Received to Resulted' LIMIT 1), 17, 2025, 8, 49.9, 5149, '[SEED-2026-05-03-MODULES]', '2026-05-03T20:40:09Z', '2026-05-03T20:40:09Z');
INSERT OR REPLACE INTO pi_entries (metric_id, account_id, year, month, value, volume, notes, created_at, updated_at) VALUES ((SELECT id FROM pi_metrics WHERE account_id=17 AND name='Avg TAT - Received to Resulted' LIMIT 1), 17, 2025, 9, 47.9, 4955, '[SEED-2026-05-03-MODULES]', '2026-05-03T20:40:09Z', '2026-05-03T20:40:09Z');
INSERT OR REPLACE INTO pi_entries (metric_id, account_id, year, month, value, volume, notes, created_at, updated_at) VALUES ((SELECT id FROM pi_metrics WHERE account_id=17 AND name='Avg TAT - Received to Resulted' LIMIT 1), 17, 2025, 10, 42.6, 5041, '[SEED-2026-05-03-MODULES]', '2026-05-03T20:40:09Z', '2026-05-03T20:40:09Z');
INSERT OR REPLACE INTO pi_entries (metric_id, account_id, year, month, value, volume, notes, created_at, updated_at) VALUES ((SELECT id FROM pi_metrics WHERE account_id=17 AND name='Avg TAT - Received to Resulted' LIMIT 1), 17, 2025, 11, 44.3, 5226, '[SEED-2026-05-03-MODULES]', '2026-05-03T20:40:09Z', '2026-05-03T20:40:09Z');
INSERT OR REPLACE INTO pi_entries (metric_id, account_id, year, month, value, volume, notes, created_at, updated_at) VALUES ((SELECT id FROM pi_metrics WHERE account_id=17 AND name='Avg TAT - Received to Resulted' LIMIT 1), 17, 2025, 12, 41.6, 5062, '[SEED-2026-05-03-MODULES]', '2026-05-03T20:40:09Z', '2026-05-03T20:40:09Z');
INSERT OR REPLACE INTO pi_entries (metric_id, account_id, year, month, value, volume, notes, created_at, updated_at) VALUES ((SELECT id FROM pi_metrics WHERE account_id=17 AND name='Avg TAT - Received to Resulted' LIMIT 1), 17, 2026, 1, 39.1, 5391, '[SEED-2026-05-03-MODULES]', '2026-05-03T20:40:09Z', '2026-05-03T20:40:09Z');
INSERT OR REPLACE INTO pi_entries (metric_id, account_id, year, month, value, volume, notes, created_at, updated_at) VALUES ((SELECT id FROM pi_metrics WHERE account_id=17 AND name='Avg TAT - Received to Resulted' LIMIT 1), 17, 2026, 2, 36.9, 4929, '[SEED-2026-05-03-MODULES]', '2026-05-03T20:40:09Z', '2026-05-03T20:40:09Z');
INSERT OR REPLACE INTO pi_entries (metric_id, account_id, year, month, value, volume, notes, created_at, updated_at) VALUES ((SELECT id FROM pi_metrics WHERE account_id=17 AND name='Avg TAT - Received to Resulted' LIMIT 1), 17, 2026, 3, 33.8, 5113, '[SEED-2026-05-03-MODULES]', '2026-05-03T20:40:09Z', '2026-05-03T20:40:09Z');
INSERT OR REPLACE INTO pi_entries (metric_id, account_id, year, month, value, volume, notes, created_at, updated_at) VALUES ((SELECT id FROM pi_metrics WHERE account_id=17 AND name='Avg TAT - Received to Resulted' LIMIT 1), 17, 2026, 4, 30.1, 4963, '[SEED-2026-05-03-MODULES]', '2026-05-03T20:40:09Z', '2026-05-03T20:40:09Z');
INSERT OR REPLACE INTO pi_entries (metric_id, account_id, year, month, value, volume, notes, created_at, updated_at) VALUES ((SELECT id FROM pi_metrics WHERE account_id=17 AND name='Avg TAT - Resulted to Verified' LIMIT 1), 17, 2025, 5, 17.7, 4774, '[SEED-2026-05-03-MODULES]', '2026-05-03T20:40:09Z', '2026-05-03T20:40:09Z');
INSERT OR REPLACE INTO pi_entries (metric_id, account_id, year, month, value, volume, notes, created_at, updated_at) VALUES ((SELECT id FROM pi_metrics WHERE account_id=17 AND name='Avg TAT - Resulted to Verified' LIMIT 1), 17, 2025, 6, 17.0, 4817, '[SEED-2026-05-03-MODULES]', '2026-05-03T20:40:09Z', '2026-05-03T20:40:09Z');
INSERT OR REPLACE INTO pi_entries (metric_id, account_id, year, month, value, volume, notes, created_at, updated_at) VALUES ((SELECT id FROM pi_metrics WHERE account_id=17 AND name='Avg TAT - Resulted to Verified' LIMIT 1), 17, 2025, 7, 15.5, 4744, '[SEED-2026-05-03-MODULES]', '2026-05-03T20:40:09Z', '2026-05-03T20:40:09Z');
INSERT OR REPLACE INTO pi_entries (metric_id, account_id, year, month, value, volume, notes, created_at, updated_at) VALUES ((SELECT id FROM pi_metrics WHERE account_id=17 AND name='Avg TAT - Resulted to Verified' LIMIT 1), 17, 2025, 8, 16.0, 4941, '[SEED-2026-05-03-MODULES]', '2026-05-03T20:40:09Z', '2026-05-03T20:40:09Z');
INSERT OR REPLACE INTO pi_entries (metric_id, account_id, year, month, value, volume, notes, created_at, updated_at) VALUES ((SELECT id FROM pi_metrics WHERE account_id=17 AND name='Avg TAT - Resulted to Verified' LIMIT 1), 17, 2025, 9, 15.0, 4745, '[SEED-2026-05-03-MODULES]', '2026-05-03T20:40:09Z', '2026-05-03T20:40:09Z');
INSERT OR REPLACE INTO pi_entries (metric_id, account_id, year, month, value, volume, notes, created_at, updated_at) VALUES ((SELECT id FROM pi_metrics WHERE account_id=17 AND name='Avg TAT - Resulted to Verified' LIMIT 1), 17, 2025, 10, 13.4, 4870, '[SEED-2026-05-03-MODULES]', '2026-05-03T20:40:09Z', '2026-05-03T20:40:09Z');
INSERT OR REPLACE INTO pi_entries (metric_id, account_id, year, month, value, volume, notes, created_at, updated_at) VALUES ((SELECT id FROM pi_metrics WHERE account_id=17 AND name='Avg TAT - Resulted to Verified' LIMIT 1), 17, 2025, 11, 13.2, 5324, '[SEED-2026-05-03-MODULES]', '2026-05-03T20:40:09Z', '2026-05-03T20:40:09Z');
INSERT OR REPLACE INTO pi_entries (metric_id, account_id, year, month, value, volume, notes, created_at, updated_at) VALUES ((SELECT id FROM pi_metrics WHERE account_id=17 AND name='Avg TAT - Resulted to Verified' LIMIT 1), 17, 2025, 12, 12.3, 4916, '[SEED-2026-05-03-MODULES]', '2026-05-03T20:40:09Z', '2026-05-03T20:40:09Z');
INSERT OR REPLACE INTO pi_entries (metric_id, account_id, year, month, value, volume, notes, created_at, updated_at) VALUES ((SELECT id FROM pi_metrics WHERE account_id=17 AND name='Avg TAT - Resulted to Verified' LIMIT 1), 17, 2026, 1, 10.9, 4758, '[SEED-2026-05-03-MODULES]', '2026-05-03T20:40:09Z', '2026-05-03T20:40:09Z');
INSERT OR REPLACE INTO pi_entries (metric_id, account_id, year, month, value, volume, notes, created_at, updated_at) VALUES ((SELECT id FROM pi_metrics WHERE account_id=17 AND name='Avg TAT - Resulted to Verified' LIMIT 1), 17, 2026, 2, 10.0, 5008, '[SEED-2026-05-03-MODULES]', '2026-05-03T20:40:09Z', '2026-05-03T20:40:09Z');
INSERT OR REPLACE INTO pi_entries (metric_id, account_id, year, month, value, volume, notes, created_at, updated_at) VALUES ((SELECT id FROM pi_metrics WHERE account_id=17 AND name='Avg TAT - Resulted to Verified' LIMIT 1), 17, 2026, 3, 9.07, 5507, '[SEED-2026-05-03-MODULES]', '2026-05-03T20:40:09Z', '2026-05-03T20:40:09Z');
INSERT OR REPLACE INTO pi_entries (metric_id, account_id, year, month, value, volume, notes, created_at, updated_at) VALUES ((SELECT id FROM pi_metrics WHERE account_id=17 AND name='Avg TAT - Resulted to Verified' LIMIT 1), 17, 2026, 4, 9.87, 5396, '[SEED-2026-05-03-MODULES]', '2026-05-03T20:40:09Z', '2026-05-03T20:40:09Z');
INSERT OR REPLACE INTO pi_entries (metric_id, account_id, year, month, value, volume, notes, created_at, updated_at) VALUES ((SELECT id FROM pi_metrics WHERE account_id=17 AND name='Avg TAT - Ordered to Verified' LIMIT 1), 17, 2025, 5, 141.4, 4673, '[SEED-2026-05-03-MODULES]', '2026-05-03T20:40:09Z', '2026-05-03T20:40:09Z');
INSERT OR REPLACE INTO pi_entries (metric_id, account_id, year, month, value, volume, notes, created_at, updated_at) VALUES ((SELECT id FROM pi_metrics WHERE account_id=17 AND name='Avg TAT - Ordered to Verified' LIMIT 1), 17, 2025, 6, 136.6, 4762, '[SEED-2026-05-03-MODULES]', '2026-05-03T20:40:09Z', '2026-05-03T20:40:09Z');
INSERT OR REPLACE INTO pi_entries (metric_id, account_id, year, month, value, volume, notes, created_at, updated_at) VALUES ((SELECT id FROM pi_metrics WHERE account_id=17 AND name='Avg TAT - Ordered to Verified' LIMIT 1), 17, 2025, 7, 126.2, 4731, '[SEED-2026-05-03-MODULES]', '2026-05-03T20:40:09Z', '2026-05-03T20:40:09Z');
INSERT OR REPLACE INTO pi_entries (metric_id, account_id, year, month, value, volume, notes, created_at, updated_at) VALUES ((SELECT id FROM pi_metrics WHERE account_id=17 AND name='Avg TAT - Ordered to Verified' LIMIT 1), 17, 2025, 8, 126.4, 5228, '[SEED-2026-05-03-MODULES]', '2026-05-03T20:40:09Z', '2026-05-03T20:40:09Z');
INSERT OR REPLACE INTO pi_entries (metric_id, account_id, year, month, value, volume, notes, created_at, updated_at) VALUES ((SELECT id FROM pi_metrics WHERE account_id=17 AND name='Avg TAT - Ordered to Verified' LIMIT 1), 17, 2025, 9, 119.3, 4662, '[SEED-2026-05-03-MODULES]', '2026-05-03T20:40:09Z', '2026-05-03T20:40:09Z');
INSERT OR REPLACE INTO pi_entries (metric_id, account_id, year, month, value, volume, notes, created_at, updated_at) VALUES ((SELECT id FROM pi_metrics WHERE account_id=17 AND name='Avg TAT - Ordered to Verified' LIMIT 1), 17, 2025, 10, 113.0, 4945, '[SEED-2026-05-03-MODULES]', '2026-05-03T20:40:09Z', '2026-05-03T20:40:09Z');
INSERT OR REPLACE INTO pi_entries (metric_id, account_id, year, month, value, volume, notes, created_at, updated_at) VALUES ((SELECT id FROM pi_metrics WHERE account_id=17 AND name='Avg TAT - Ordered to Verified' LIMIT 1), 17, 2025, 11, 108.3, 4973, '[SEED-2026-05-03-MODULES]', '2026-05-03T20:40:09Z', '2026-05-03T20:40:09Z');
INSERT OR REPLACE INTO pi_entries (metric_id, account_id, year, month, value, volume, notes, created_at, updated_at) VALUES ((SELECT id FROM pi_metrics WHERE account_id=17 AND name='Avg TAT - Ordered to Verified' LIMIT 1), 17, 2025, 12, 104.2, 4916, '[SEED-2026-05-03-MODULES]', '2026-05-03T20:40:09Z', '2026-05-03T20:40:09Z');
INSERT OR REPLACE INTO pi_entries (metric_id, account_id, year, month, value, volume, notes, created_at, updated_at) VALUES ((SELECT id FROM pi_metrics WHERE account_id=17 AND name='Avg TAT - Ordered to Verified' LIMIT 1), 17, 2026, 1, 99.2, 5418, '[SEED-2026-05-03-MODULES]', '2026-05-03T20:40:09Z', '2026-05-03T20:40:09Z');
INSERT OR REPLACE INTO pi_entries (metric_id, account_id, year, month, value, volume, notes, created_at, updated_at) VALUES ((SELECT id FROM pi_metrics WHERE account_id=17 AND name='Avg TAT - Ordered to Verified' LIMIT 1), 17, 2026, 2, 96.4, 5251, '[SEED-2026-05-03-MODULES]', '2026-05-03T20:40:09Z', '2026-05-03T20:40:09Z');
INSERT OR REPLACE INTO pi_entries (metric_id, account_id, year, month, value, volume, notes, created_at, updated_at) VALUES ((SELECT id FROM pi_metrics WHERE account_id=17 AND name='Avg TAT - Ordered to Verified' LIMIT 1), 17, 2026, 3, 90.3, 4821, '[SEED-2026-05-03-MODULES]', '2026-05-03T20:40:09Z', '2026-05-03T20:40:09Z');
INSERT OR REPLACE INTO pi_entries (metric_id, account_id, year, month, value, volume, notes, created_at, updated_at) VALUES ((SELECT id FROM pi_metrics WHERE account_id=17 AND name='Avg TAT - Ordered to Verified' LIMIT 1), 17, 2026, 4, 84.5, 5208, '[SEED-2026-05-03-MODULES]', '2026-05-03T20:40:09Z', '2026-05-03T20:40:09Z');
INSERT OR REPLACE INTO pi_entries (metric_id, account_id, year, month, value, volume, notes, created_at, updated_at) VALUES ((SELECT id FROM pi_metrics WHERE account_id=17 AND name='Critical Value Notification Rate' LIMIT 1), 17, 2025, 5, 93.5, 378, '[SEED-2026-05-03-MODULES]', '2026-05-03T20:40:09Z', '2026-05-03T20:40:09Z');
INSERT OR REPLACE INTO pi_entries (metric_id, account_id, year, month, value, volume, notes, created_at, updated_at) VALUES ((SELECT id FROM pi_metrics WHERE account_id=17 AND name='Critical Value Notification Rate' LIMIT 1), 17, 2025, 6, 93.4, 393, '[SEED-2026-05-03-MODULES]', '2026-05-03T20:40:09Z', '2026-05-03T20:40:09Z');
INSERT OR REPLACE INTO pi_entries (metric_id, account_id, year, month, value, volume, notes, created_at, updated_at) VALUES ((SELECT id FROM pi_metrics WHERE account_id=17 AND name='Critical Value Notification Rate' LIMIT 1), 17, 2025, 7, 94.7, 407, '[SEED-2026-05-03-MODULES]', '2026-05-03T20:40:09Z', '2026-05-03T20:40:09Z');
INSERT OR REPLACE INTO pi_entries (metric_id, account_id, year, month, value, volume, notes, created_at, updated_at) VALUES ((SELECT id FROM pi_metrics WHERE account_id=17 AND name='Critical Value Notification Rate' LIMIT 1), 17, 2025, 8, 94.6, 399, '[SEED-2026-05-03-MODULES]', '2026-05-03T20:40:09Z', '2026-05-03T20:40:09Z');
INSERT OR REPLACE INTO pi_entries (metric_id, account_id, year, month, value, volume, notes, created_at, updated_at) VALUES ((SELECT id FROM pi_metrics WHERE account_id=17 AND name='Critical Value Notification Rate' LIMIT 1), 17, 2025, 9, 94.8, 376, '[SEED-2026-05-03-MODULES]', '2026-05-03T20:40:09Z', '2026-05-03T20:40:09Z');
INSERT OR REPLACE INTO pi_entries (metric_id, account_id, year, month, value, volume, notes, created_at, updated_at) VALUES ((SELECT id FROM pi_metrics WHERE account_id=17 AND name='Critical Value Notification Rate' LIMIT 1), 17, 2025, 10, 95.5, 415, '[SEED-2026-05-03-MODULES]', '2026-05-03T20:40:09Z', '2026-05-03T20:40:09Z');
INSERT OR REPLACE INTO pi_entries (metric_id, account_id, year, month, value, volume, notes, created_at, updated_at) VALUES ((SELECT id FROM pi_metrics WHERE account_id=17 AND name='Critical Value Notification Rate' LIMIT 1), 17, 2025, 11, 96.0, 413, '[SEED-2026-05-03-MODULES]', '2026-05-03T20:40:09Z', '2026-05-03T20:40:09Z');
INSERT OR REPLACE INTO pi_entries (metric_id, account_id, year, month, value, volume, notes, created_at, updated_at) VALUES ((SELECT id FROM pi_metrics WHERE account_id=17 AND name='Critical Value Notification Rate' LIMIT 1), 17, 2025, 12, 97.0, 409, '[SEED-2026-05-03-MODULES]', '2026-05-03T20:40:09Z', '2026-05-03T20:40:09Z');
INSERT OR REPLACE INTO pi_entries (metric_id, account_id, year, month, value, volume, notes, created_at, updated_at) VALUES ((SELECT id FROM pi_metrics WHERE account_id=17 AND name='Critical Value Notification Rate' LIMIT 1), 17, 2026, 1, 97.8, 405, '[SEED-2026-05-03-MODULES]', '2026-05-03T20:40:09Z', '2026-05-03T20:40:09Z');
INSERT OR REPLACE INTO pi_entries (metric_id, account_id, year, month, value, volume, notes, created_at, updated_at) VALUES ((SELECT id FROM pi_metrics WHERE account_id=17 AND name='Critical Value Notification Rate' LIMIT 1), 17, 2026, 2, 97.2, 405, '[SEED-2026-05-03-MODULES]', '2026-05-03T20:40:09Z', '2026-05-03T20:40:09Z');
INSERT OR REPLACE INTO pi_entries (metric_id, account_id, year, month, value, volume, notes, created_at, updated_at) VALUES ((SELECT id FROM pi_metrics WHERE account_id=17 AND name='Critical Value Notification Rate' LIMIT 1), 17, 2026, 3, 97.5, 401, '[SEED-2026-05-03-MODULES]', '2026-05-03T20:40:09Z', '2026-05-03T20:40:09Z');
INSERT OR REPLACE INTO pi_entries (metric_id, account_id, year, month, value, volume, notes, created_at, updated_at) VALUES ((SELECT id FROM pi_metrics WHERE account_id=17 AND name='Critical Value Notification Rate' LIMIT 1), 17, 2026, 4, 98.5, 418, '[SEED-2026-05-03-MODULES]', '2026-05-03T20:40:09Z', '2026-05-03T20:40:09Z');

-- Productivity months (12 months, coherent growth curve) --
INSERT OR REPLACE INTO productivity_months (account_id, year, month, billable_tests, productive_hours, non_productive_hours, overtime_hours, total_ftes, facility_type, notes, created_at, updated_at) VALUES (17, 2025, 5, 30906, 1166.1, 191.4, 90.1, 7.4, 'community', '[SEED-2026-05-03-MODULES]', '2026-05-03T20:40:09Z', '2026-05-03T20:40:09Z');
INSERT OR REPLACE INTO productivity_months (account_id, year, month, billable_tests, productive_hours, non_productive_hours, overtime_hours, total_ftes, facility_type, notes, created_at, updated_at) VALUES (17, 2025, 6, 33582, 1209.6, 175.0, 79.9, 7.69, 'community', '[SEED-2026-05-03-MODULES]', '2026-05-03T20:40:09Z', '2026-05-03T20:40:09Z');
INSERT OR REPLACE INTO productivity_months (account_id, year, month, billable_tests, productive_hours, non_productive_hours, overtime_hours, total_ftes, facility_type, notes, created_at, updated_at) VALUES (17, 2025, 7, 33975, 1212.6, 164.1, 70.7, 7.61, 'community', '[SEED-2026-05-03-MODULES]', '2026-05-03T20:40:09Z', '2026-05-03T20:40:09Z');
INSERT OR REPLACE INTO productivity_months (account_id, year, month, billable_tests, productive_hours, non_productive_hours, overtime_hours, total_ftes, facility_type, notes, created_at, updated_at) VALUES (17, 2025, 8, 35794, 1232.4, 162.0, 68.5, 7.78, 'community', '[SEED-2026-05-03-MODULES]', '2026-05-03T20:40:09Z', '2026-05-03T20:40:09Z');
INSERT OR REPLACE INTO productivity_months (account_id, year, month, billable_tests, productive_hours, non_productive_hours, overtime_hours, total_ftes, facility_type, notes, created_at, updated_at) VALUES (17, 2025, 9, 35855, 1268.9, 146.2, 63.3, 7.89, 'community', '[SEED-2026-05-03-MODULES]', '2026-05-03T20:40:09Z', '2026-05-03T20:40:09Z');
INSERT OR REPLACE INTO productivity_months (account_id, year, month, billable_tests, productive_hours, non_productive_hours, overtime_hours, total_ftes, facility_type, notes, created_at, updated_at) VALUES (17, 2025, 10, 36651, 1282.6, 140.9, 58.9, 8.01, 'community', '[SEED-2026-05-03-MODULES]', '2026-05-03T20:40:09Z', '2026-05-03T20:40:09Z');
INSERT OR REPLACE INTO productivity_months (account_id, year, month, billable_tests, productive_hours, non_productive_hours, overtime_hours, total_ftes, facility_type, notes, created_at, updated_at) VALUES (17, 2025, 11, 39622, 1262.5, 148.1, 55.2, 8.28, 'community', '[SEED-2026-05-03-MODULES]', '2026-05-03T20:40:09Z', '2026-05-03T20:40:09Z');
INSERT OR REPLACE INTO productivity_months (account_id, year, month, billable_tests, productive_hours, non_productive_hours, overtime_hours, total_ftes, facility_type, notes, created_at, updated_at) VALUES (17, 2025, 12, 39052, 1284.2, 153.2, 53.0, 8.32, 'community', '[SEED-2026-05-03-MODULES]', '2026-05-03T20:40:09Z', '2026-05-03T20:40:09Z');
INSERT OR REPLACE INTO productivity_months (account_id, year, month, billable_tests, productive_hours, non_productive_hours, overtime_hours, total_ftes, facility_type, notes, created_at, updated_at) VALUES (17, 2026, 1, 41486, 1304.3, 129.4, 52.1, 8.66, 'community', '[SEED-2026-05-03-MODULES]', '2026-05-03T20:40:09Z', '2026-05-03T20:40:09Z');
INSERT OR REPLACE INTO productivity_months (account_id, year, month, billable_tests, productive_hours, non_productive_hours, overtime_hours, total_ftes, facility_type, notes, created_at, updated_at) VALUES (17, 2026, 2, 42361, 1310.8, 134.2, 46.4, 8.78, 'community', '[SEED-2026-05-03-MODULES]', '2026-05-03T20:40:09Z', '2026-05-03T20:40:09Z');
INSERT OR REPLACE INTO productivity_months (account_id, year, month, billable_tests, productive_hours, non_productive_hours, overtime_hours, total_ftes, facility_type, notes, created_at, updated_at) VALUES (17, 2026, 3, 43818, 1356.1, 137.4, 39.3, 8.9, 'community', '[SEED-2026-05-03-MODULES]', '2026-05-03T20:40:09Z', '2026-05-03T20:40:09Z');
INSERT OR REPLACE INTO productivity_months (account_id, year, month, billable_tests, productive_hours, non_productive_hours, overtime_hours, total_ftes, facility_type, notes, created_at, updated_at) VALUES (17, 2026, 4, 43665, 1373.1, 113.4, 40.0, 8.92, 'community', '[SEED-2026-05-03-MODULES]', '2026-05-03T20:40:09Z', '2026-05-03T20:40:09Z');

-- Repair staff lab_id mismatch for Michael (lab_id was 3, real id is whatever staff_labs.id resolves to for user 17) --
UPDATE staff_employees
SET lab_id = (SELECT id FROM staff_labs WHERE user_id = 17 ORDER BY id LIMIT 1),
    updated_at = '2026-05-03T20:40:09Z'
WHERE user_id = 17
  AND lab_id != (SELECT id FROM staff_labs WHERE user_id = 17 ORDER BY id LIMIT 1);
UPDATE staff_competency_schedules
SET lab_id = (SELECT id FROM staff_labs WHERE user_id = 17 ORDER BY id LIMIT 1)
WHERE employee_id IN (SELECT id FROM staff_employees WHERE user_id = 17)
  AND lab_id != (SELECT id FROM staff_labs WHERE user_id = 17 ORDER BY id LIMIT 1);
UPDATE staff_roles
SET lab_id = (SELECT id FROM staff_labs WHERE user_id = 17 ORDER BY id LIMIT 1)
WHERE employee_id IN (SELECT id FROM staff_employees WHERE user_id = 17)
  AND lab_id != (SELECT id FROM staff_labs WHERE user_id = 17 ORDER BY id LIMIT 1);

-- VeritaTrack common lab tasks (idempotent by name) --
INSERT INTO veritatrack_tasks (user_id, name, category, frequency, frequency_months, active, created_at, updated_at) SELECT 17, 'QC Review - Chemistry', 'QC Review', 'Monthly', 1, 1, '2026-05-03T20:40:09Z', '2026-05-03T20:40:09Z' WHERE NOT EXISTS (SELECT 1 FROM veritatrack_tasks WHERE user_id=17 AND name='QC Review - Chemistry');
INSERT INTO veritatrack_tasks (user_id, name, category, frequency, frequency_months, active, created_at, updated_at) SELECT 17, 'QC Review - Hematology', 'QC Review', 'Monthly', 1, 1, '2026-05-03T20:40:09Z', '2026-05-03T20:40:09Z' WHERE NOT EXISTS (SELECT 1 FROM veritatrack_tasks WHERE user_id=17 AND name='QC Review - Hematology');
INSERT INTO veritatrack_tasks (user_id, name, category, frequency, frequency_months, active, created_at, updated_at) SELECT 17, 'QC Review - Coagulation', 'QC Review', 'Monthly', 1, 1, '2026-05-03T20:40:09Z', '2026-05-03T20:40:09Z' WHERE NOT EXISTS (SELECT 1 FROM veritatrack_tasks WHERE user_id=17 AND name='QC Review - Coagulation');
INSERT INTO veritatrack_tasks (user_id, name, category, frequency, frequency_months, active, created_at, updated_at) SELECT 17, 'QC Review - Urinalysis', 'QC Review', 'Monthly', 1, 1, '2026-05-03T20:40:09Z', '2026-05-03T20:40:09Z' WHERE NOT EXISTS (SELECT 1 FROM veritatrack_tasks WHERE user_id=17 AND name='QC Review - Urinalysis');
INSERT INTO veritatrack_tasks (user_id, name, category, frequency, frequency_months, active, created_at, updated_at) SELECT 17, 'QC Review - Blood Bank', 'QC Review', 'Monthly', 1, 1, '2026-05-03T20:40:09Z', '2026-05-03T20:40:09Z' WHERE NOT EXISTS (SELECT 1 FROM veritatrack_tasks WHERE user_id=17 AND name='QC Review - Blood Bank');
INSERT INTO veritatrack_tasks (user_id, name, category, frequency, frequency_months, active, created_at, updated_at) SELECT 17, 'QC Review - Microbiology', 'QC Review', 'Monthly', 1, 1, '2026-05-03T20:40:09Z', '2026-05-03T20:40:09Z' WHERE NOT EXISTS (SELECT 1 FROM veritatrack_tasks WHERE user_id=17 AND name='QC Review - Microbiology');
INSERT INTO veritatrack_tasks (user_id, name, category, frequency, frequency_months, active, created_at, updated_at) SELECT 17, 'Proficiency Testing Review - Chemistry', 'Quality Assessment', 'Quarterly', 3, 1, '2026-05-03T20:40:09Z', '2026-05-03T20:40:09Z' WHERE NOT EXISTS (SELECT 1 FROM veritatrack_tasks WHERE user_id=17 AND name='Proficiency Testing Review - Chemistry');
INSERT INTO veritatrack_tasks (user_id, name, category, frequency, frequency_months, active, created_at, updated_at) SELECT 17, 'Proficiency Testing Review - Hematology', 'Quality Assessment', 'Quarterly', 3, 1, '2026-05-03T20:40:09Z', '2026-05-03T20:40:09Z' WHERE NOT EXISTS (SELECT 1 FROM veritatrack_tasks WHERE user_id=17 AND name='Proficiency Testing Review - Hematology');
INSERT INTO veritatrack_tasks (user_id, name, category, frequency, frequency_months, active, created_at, updated_at) SELECT 17, 'Proficiency Testing Review - Coagulation', 'Quality Assessment', 'Quarterly', 3, 1, '2026-05-03T20:40:09Z', '2026-05-03T20:40:09Z' WHERE NOT EXISTS (SELECT 1 FROM veritatrack_tasks WHERE user_id=17 AND name='Proficiency Testing Review - Coagulation');
INSERT INTO veritatrack_tasks (user_id, name, category, frequency, frequency_months, active, created_at, updated_at) SELECT 17, 'Proficiency Testing Review - Microbiology', 'Quality Assessment', 'Quarterly', 3, 1, '2026-05-03T20:40:09Z', '2026-05-03T20:40:09Z' WHERE NOT EXISTS (SELECT 1 FROM veritatrack_tasks WHERE user_id=17 AND name='Proficiency Testing Review - Microbiology');
INSERT INTO veritatrack_tasks (user_id, name, category, frequency, frequency_months, active, created_at, updated_at) SELECT 17, 'Proficiency Testing Review - Blood Bank', 'Quality Assessment', 'Quarterly', 3, 1, '2026-05-03T20:40:09Z', '2026-05-03T20:40:09Z' WHERE NOT EXISTS (SELECT 1 FROM veritatrack_tasks WHERE user_id=17 AND name='Proficiency Testing Review - Blood Bank');
INSERT INTO veritatrack_tasks (user_id, name, category, frequency, frequency_months, active, created_at, updated_at) SELECT 17, 'HIPAA Training - Annual Review', 'HIPAA', 'Annual', 12, 1, '2026-05-03T20:40:09Z', '2026-05-03T20:40:09Z' WHERE NOT EXISTS (SELECT 1 FROM veritatrack_tasks WHERE user_id=17 AND name='HIPAA Training - Annual Review');
INSERT INTO veritatrack_tasks (user_id, name, category, frequency, frequency_months, active, created_at, updated_at) SELECT 17, 'Bloodborne Pathogen Training - Annual', 'Bloodborne Pathogen', 'Annual', 12, 1, '2026-05-03T20:40:09Z', '2026-05-03T20:40:09Z' WHERE NOT EXISTS (SELECT 1 FROM veritatrack_tasks WHERE user_id=17 AND name='Bloodborne Pathogen Training - Annual');
INSERT INTO veritatrack_tasks (user_id, name, category, frequency, frequency_months, active, created_at, updated_at) SELECT 17, 'Chemical Hygiene / Hazard Communication Training', 'Safety', 'Annual', 12, 1, '2026-05-03T20:40:09Z', '2026-05-03T20:40:09Z' WHERE NOT EXISTS (SELECT 1 FROM veritatrack_tasks WHERE user_id=17 AND name='Chemical Hygiene / Hazard Communication Training');
INSERT INTO veritatrack_tasks (user_id, name, category, frequency, frequency_months, active, created_at, updated_at) SELECT 17, 'Fire and Emergency Preparedness Training', 'Safety', 'Annual', 12, 1, '2026-05-03T20:40:09Z', '2026-05-03T20:40:09Z' WHERE NOT EXISTS (SELECT 1 FROM veritatrack_tasks WHERE user_id=17 AND name='Fire and Emergency Preparedness Training');
INSERT INTO veritatrack_tasks (user_id, name, category, frequency, frequency_months, active, created_at, updated_at) SELECT 17, 'Competency Assessment - Annual (all staff)', 'Competency', 'Annual', 12, 1, '2026-05-03T20:40:09Z', '2026-05-03T20:40:09Z' WHERE NOT EXISTS (SELECT 1 FROM veritatrack_tasks WHERE user_id=17 AND name='Competency Assessment - Annual (all staff)');
INSERT INTO veritatrack_tasks (user_id, name, category, frequency, frequency_months, active, created_at, updated_at) SELECT 17, 'Pipette Calibration', 'Equipment Calibration', 'Annual', 12, 1, '2026-05-03T20:40:09Z', '2026-05-03T20:40:09Z' WHERE NOT EXISTS (SELECT 1 FROM veritatrack_tasks WHERE user_id=17 AND name='Pipette Calibration');
INSERT INTO veritatrack_tasks (user_id, name, category, frequency, frequency_months, active, created_at, updated_at) SELECT 17, 'Thermometer Calibration', 'Equipment Calibration', 'Annual', 12, 1, '2026-05-03T20:40:09Z', '2026-05-03T20:40:09Z' WHERE NOT EXISTS (SELECT 1 FROM veritatrack_tasks WHERE user_id=17 AND name='Thermometer Calibration');
INSERT INTO veritatrack_tasks (user_id, name, category, frequency, frequency_months, active, created_at, updated_at) SELECT 17, 'Centrifuge RPM Verification', 'Equipment Calibration', 'Annual', 12, 1, '2026-05-03T20:40:09Z', '2026-05-03T20:40:09Z' WHERE NOT EXISTS (SELECT 1 FROM veritatrack_tasks WHERE user_id=17 AND name='Centrifuge RPM Verification');
INSERT INTO veritatrack_tasks (user_id, name, category, frequency, frequency_months, active, created_at, updated_at) SELECT 17, 'Timer Verification', 'Equipment Calibration', 'Annual', 12, 1, '2026-05-03T20:40:09Z', '2026-05-03T20:40:09Z' WHERE NOT EXISTS (SELECT 1 FROM veritatrack_tasks WHERE user_id=17 AND name='Timer Verification');
INSERT INTO veritatrack_tasks (user_id, name, category, frequency, frequency_months, active, created_at, updated_at) SELECT 17, 'Eyewash Station Inspection', 'Safety', 'Weekly', 1, 1, '2026-05-03T20:40:09Z', '2026-05-03T20:40:09Z' WHERE NOT EXISTS (SELECT 1 FROM veritatrack_tasks WHERE user_id=17 AND name='Eyewash Station Inspection');
INSERT INTO veritatrack_tasks (user_id, name, category, frequency, frequency_months, active, created_at, updated_at) SELECT 17, 'Blood Bank Alarm Check - Refrigerator', 'Blood Bank Alarm Checks', 'Quarterly', 3, 1, '2026-05-03T20:40:09Z', '2026-05-03T20:40:09Z' WHERE NOT EXISTS (SELECT 1 FROM veritatrack_tasks WHERE user_id=17 AND name='Blood Bank Alarm Check - Refrigerator');
INSERT INTO veritatrack_tasks (user_id, name, category, frequency, frequency_months, active, created_at, updated_at) SELECT 17, 'Blood Bank Alarm Check - Freezer', 'Blood Bank Alarm Checks', 'Quarterly', 3, 1, '2026-05-03T20:40:09Z', '2026-05-03T20:40:09Z' WHERE NOT EXISTS (SELECT 1 FROM veritatrack_tasks WHERE user_id=17 AND name='Blood Bank Alarm Check - Freezer');
INSERT INTO veritatrack_tasks (user_id, name, category, frequency, frequency_months, active, created_at, updated_at) SELECT 17, 'Blood Bank Alarm Check - Platelet Incubator', 'Blood Bank Alarm Checks', 'Quarterly', 3, 1, '2026-05-03T20:40:09Z', '2026-05-03T20:40:09Z' WHERE NOT EXISTS (SELECT 1 FROM veritatrack_tasks WHERE user_id=17 AND name='Blood Bank Alarm Check - Platelet Incubator');
INSERT INTO veritatrack_tasks (user_id, name, category, frequency, frequency_months, active, created_at, updated_at) SELECT 17, 'Water Contamination Testing', 'Water Contamination', 'Monthly', 1, 1, '2026-05-03T20:40:09Z', '2026-05-03T20:40:09Z' WHERE NOT EXISTS (SELECT 1 FROM veritatrack_tasks WHERE user_id=17 AND name='Water Contamination Testing');
INSERT INTO veritatrack_tasks (user_id, name, category, frequency, frequency_months, active, created_at, updated_at) SELECT 17, 'Refrigerator/Freezer Temperature Log Review', 'Daily Checks', 'Monthly', 1, 1, '2026-05-03T20:40:09Z', '2026-05-03T20:40:09Z' WHERE NOT EXISTS (SELECT 1 FROM veritatrack_tasks WHERE user_id=17 AND name='Refrigerator/Freezer Temperature Log Review');
INSERT INTO veritatrack_tasks (user_id, name, category, frequency, frequency_months, active, created_at, updated_at) SELECT 17, 'Critical Value Read-Back Audit', 'Quality Assessment', 'Monthly', 1, 1, '2026-05-03T20:40:09Z', '2026-05-03T20:40:09Z' WHERE NOT EXISTS (SELECT 1 FROM veritatrack_tasks WHERE user_id=17 AND name='Critical Value Read-Back Audit');
INSERT INTO veritatrack_tasks (user_id, name, category, frequency, frequency_months, active, created_at, updated_at) SELECT 17, 'Levey-Jennings Chart Review', 'QC Review', 'Monthly', 1, 1, '2026-05-03T20:40:09Z', '2026-05-03T20:40:09Z' WHERE NOT EXISTS (SELECT 1 FROM veritatrack_tasks WHERE user_id=17 AND name='Levey-Jennings Chart Review');
INSERT INTO veritatrack_tasks (user_id, name, category, frequency, frequency_months, active, created_at, updated_at) SELECT 17, 'SOP Biennial Review - Chemistry', 'Policy Review', 'Biennial', 24, 1, '2026-05-03T20:40:09Z', '2026-05-03T20:40:09Z' WHERE NOT EXISTS (SELECT 1 FROM veritatrack_tasks WHERE user_id=17 AND name='SOP Biennial Review - Chemistry');
INSERT INTO veritatrack_tasks (user_id, name, category, frequency, frequency_months, active, created_at, updated_at) SELECT 17, 'SOP Biennial Review - Hematology', 'Policy Review', 'Biennial', 24, 1, '2026-05-03T20:40:09Z', '2026-05-03T20:40:09Z' WHERE NOT EXISTS (SELECT 1 FROM veritatrack_tasks WHERE user_id=17 AND name='SOP Biennial Review - Hematology');
INSERT INTO veritatrack_tasks (user_id, name, category, frequency, frequency_months, active, created_at, updated_at) SELECT 17, 'SOP Biennial Review - Blood Bank', 'Policy Review', 'Biennial', 24, 1, '2026-05-03T20:40:09Z', '2026-05-03T20:40:09Z' WHERE NOT EXISTS (SELECT 1 FROM veritatrack_tasks WHERE user_id=17 AND name='SOP Biennial Review - Blood Bank');
INSERT INTO veritatrack_tasks (user_id, name, category, frequency, frequency_months, active, created_at, updated_at) SELECT 17, 'Reagent Inventory Reconciliation', 'Inventory', 'Monthly', 1, 1, '2026-05-03T20:40:09Z', '2026-05-03T20:40:09Z' WHERE NOT EXISTS (SELECT 1 FROM veritatrack_tasks WHERE user_id=17 AND name='Reagent Inventory Reconciliation');
INSERT INTO veritatrack_tasks (user_id, name, category, frequency, frequency_months, active, created_at, updated_at) SELECT 17, 'Vendor Performance Review', 'Vendor Management', 'Quarterly', 3, 1, '2026-05-03T20:40:09Z', '2026-05-03T20:40:09Z' WHERE NOT EXISTS (SELECT 1 FROM veritatrack_tasks WHERE user_id=17 AND name='Vendor Performance Review');

-- VeritaTrack signoffs (2 per task, with policy-grounded notes) --
DELETE FROM veritatrack_signoffs WHERE user_id=17;
INSERT INTO veritatrack_signoffs (task_id, user_id, completed_date, initials, performed_by, notes, created_at)
SELECT
  t.id, 17,
  date('now', '-' || (40 + (t.id % 50)) || ' days'),
  'MV', 'Michael Veri',
  CASE WHEN t.name = 'Levey-Jennings Chart Review' THEN 'LJ charts countersigned per VeritaPolicy QA-QC-001. Mean and SD compared to peer group, shift/trend analysis clean.' WHEN t.name = 'Critical Value Read-Back Audit' THEN 'Quarterly read-back audit closed per VeritaPolicy PRE-CRIT-001. Sample of calls reviewed, gaps coached, dashboard updated.' WHEN t.name = 'Refrigerator/Freezer Temperature Log Review' THEN 'Daily temperature logs reviewed per VeritaPolicy EQ-TEMP-001. Continuous monitoring data archived, alarm tests current.' WHEN t.name = 'Eyewash Station Inspection' THEN 'Weekly eyewash inspection current per VeritaPolicy SAF-001. Annual full activation test on schedule; documentation in safety binder.' WHEN t.name = 'Fire and Emergency Preparedness Training' THEN 'Annual emergency preparedness training closed per VeritaPolicy SAF-EMER-001. After-action notes filed; gaps assigned to safety officer.' WHEN t.name = 'Chemical Hygiene / Hazard Communication Training' THEN 'HazCom training closed per VeritaPolicy SAF-CHP-001. Labeling, secondary container, and pictogram review documented.' WHEN t.name = 'Pipette Calibration' THEN 'Pipette calibration current per VeritaPolicy EQ-PIP-001. Vendor certificate filed; instrument tag and inventory list updated.' WHEN t.name = 'Thermometer Calibration' THEN 'Annual thermometer verification current per VeritaPolicy EQ-CAL-001. Offset card placed on each unit; due dates tracked in equipment registry.' WHEN t.name = 'Centrifuge RPM Verification' THEN 'Centrifuge verification current per VeritaPolicy EQ-CAL-001. Preventive maintenance log countersigned; certificate retained in equipment folder.' WHEN t.name = 'Timer Verification' THEN 'Timer verification current per VeritaPolicy EQ-CAL-001. Labels updated, results filed with equipment binder.' WHEN t.name = 'Timer calibration ' THEN 'Timer calibration current per VeritaPolicy EQ-CAL-001. Documentation filed in equipment binder.' WHEN t.name = 'Reagent Inventory Reconciliation' THEN 'Reagent reconciliation current per VeritaPolicy SUP-INV-001. Cold-chain log clean, expired stock removed and documented.' WHEN t.name = 'Vendor Performance Review' THEN 'Vendor performance review closed per VeritaPolicy SUP-VEND-001. Discussion captured in QM meeting minutes.' WHEN t.name = 'Competency Assessment - Annual (all staff)' THEN 'Annual competency cycle closed per VeritaPolicy HR-COMP-001. Director attestation on file; remediation actions tracked.' WHEN t.category = 'QC Review' THEN 'Monthly QC review complete per VeritaPolicy QA-QC-001. Westgard rules evaluated, no out-of-control events this cycle. Bias and CV trended within manufacturer claims. Documentation filed in QC binder and scanned to shared drive.' WHEN t.category = 'Quality Assessment' THEN 'Current PT cycle closed per VeritaPolicy QA-PT-002. Director attestation signed, no PT referral, no result alteration. Remediation tracker reviewed and clean. Files staged for COLA on-site review.' WHEN t.category = 'Policy Review' THEN 'Biennial SOP review signed by laboratory director per VeritaPolicy DOC-001. Effective date and revision number updated. Superseded copy archived; current copy in active SOP binder and intranet.' WHEN t.category = 'Calibration Verification' THEN 'Calibration verification current per VeritaPolicy ANA-CALVER-001. Six-month interval met, AMR re-established, exception report empty. Documentation filed with reagent lot records.' WHEN t.category = 'Correlation' THEN 'Semi-annual correlation closed per VeritaPolicy ANA-CORR-001. Paired analyzer comparison passing across clinical decision points. Investigation memo retained with QM file.' WHEN t.category = 'Precision Verification' THEN 'Precision verification current per VeritaPolicy ANA-PERF-001. Twenty-replicate study repeated at two levels, statistics retained with validation binder.' WHEN t.category = 'Equipment Calibration' THEN 'Calibration current per VeritaPolicy EQ-CAL-001. Service tag posted on instrument, certificate filed in equipment folder, next-due date scheduled.' WHEN t.category = 'Daily Checks' THEN 'Daily temperature checks current per VeritaPolicy EQ-TEMP-001. Min/max captured, alarm function tested, log countersigned by supervisor.' WHEN t.category = 'Blood Bank Alarm Checks' THEN 'Quarterly alarm test current per VeritaPolicy BB-ALARM-001. Independent thermometer used, response time logged, calibration label updated. Record filed in blood bank QA binder.' WHEN t.category = 'Water Contamination' THEN 'Water quality current per VeritaPolicy SUP-H2O-001. CLRW specification verified, system maintenance log countersigned. Out-of-spec response plan reviewed with staff.' WHEN t.category = 'Safety' THEN 'Safety inspection closed per VeritaPolicy SAF-001. Chemical hygiene plan reviewed with staff. Findings logged on safety dashboard, no open corrective actions.' WHEN t.category = 'HIPAA' THEN 'Annual HIPAA training closed per VeritaPolicy COMP-HIPAA-001. Quiz scores retained, breach response plan reviewed, BAAs verified current.' WHEN t.category = 'Bloodborne Pathogen' THEN 'Annual BBP training closed per VeritaPolicy SAF-BBP-001. Sharps log reviewed, PPE inventory verified, post-exposure protocol re-affirmed.' WHEN t.category = 'Competency' THEN 'Annual competency closed per VeritaPolicy HR-COMP-001. Records signed by technical consultant; assessor qualifications attached; due dates rolled forward.' WHEN t.category = 'Inventory' THEN 'Inventory cycle count closed per VeritaPolicy SUP-INV-001. Par levels reset, vendor reorder triggered, cold-chain receiving log reviewed.' WHEN t.category = 'Vendor Management' THEN 'Vendor scorecard updated per VeritaPolicy SUP-VEND-001. Recall notices reconciled, contracts confirmed current, performance discussed at QM meeting.' ELSE 'Signoff current per applicable laboratory SOP (VeritaPolicy library). Documentation filed and available for surveyor review.' END,
  '2026-05-03T20:40:09Z'
FROM veritatrack_tasks t WHERE t.user_id = 17;
INSERT INTO veritatrack_signoffs (task_id, user_id, completed_date, initials, performed_by, notes, created_at)
SELECT
  t.id, 17,
  date('now', '-' || (220 + (t.id % 60)) || ' days'),
  'MV', 'Michael Veri',
  CASE WHEN t.name = 'Levey-Jennings Chart Review' THEN 'Prior LJ chart review per QC Review Policy (VeritaPolicy: QA-QC-001). Westgard 1-3s, 2-2s, R-4s, 4-1s evaluated; no run rejected.' WHEN t.name = 'Critical Value Read-Back Audit' THEN 'Prior critical value read-back audit per Communication of Critical Results Policy (VeritaPolicy: PRE-CRIT-001) and TJC NPSG.02.03.01. Read-back compliance >95%.' WHEN t.name = 'Refrigerator/Freezer Temperature Log Review' THEN 'Prior temperature log review per Storage Monitoring Policy (VeritaPolicy: EQ-TEMP-001). Excursions investigated; product impact assessment retained.' WHEN t.name = 'Eyewash Station Inspection' THEN 'Prior weekly eyewash flush per Laboratory Safety Plan (VeritaPolicy: SAF-001) and ANSI Z358.1. Flow and water clarity verified, tag initialed.' WHEN t.name = 'Fire and Emergency Preparedness Training' THEN 'Prior fire and emergency drill per Emergency Preparedness Policy (VeritaPolicy: SAF-EMER-001). Evacuation route confirmed, extinguisher use rehearsed.' WHEN t.name = 'Chemical Hygiene / Hazard Communication Training' THEN 'Prior chemical hygiene refresher per Chemical Hygiene Plan (VeritaPolicy: SAF-CHP-001) and OSHA 29 CFR 1910.1450. SDS index audited.' WHEN t.name = 'Pipette Calibration' THEN 'Prior pipette calibration per Pipette Management Policy (VeritaPolicy: EQ-PIP-001). Gravimetric verification at low/mid/high volume within ISO 8655 limits.' WHEN t.name = 'Thermometer Calibration' THEN 'Prior thermometer verification per Equipment Management Policy (VeritaPolicy: EQ-CAL-001). NIST-traceable reference compared, offset documented.' WHEN t.name = 'Centrifuge RPM Verification' THEN 'Prior centrifuge tachometer check per Equipment Management Policy (VeritaPolicy: EQ-CAL-001). RPM within +/-5%; brushes and gaskets inspected.' WHEN t.name = 'Timer Verification' THEN 'Prior timer accuracy check per Equipment Management Policy (VeritaPolicy: EQ-CAL-001). Verified against NIST time source, deviation within 1 second per minute.' WHEN t.name = 'Timer calibration ' THEN 'Prior timer calibration per Equipment Management Policy (VeritaPolicy: EQ-CAL-001). Verified against NIST time source.' WHEN t.name = 'Reagent Inventory Reconciliation' THEN 'Prior reagent reconciliation per Reagent Management Policy (VeritaPolicy: SUP-INV-001). Lot numbers, expiration dates, and storage conditions verified.' WHEN t.name = 'Vendor Performance Review' THEN 'Prior vendor scorecard reviewed per Procurement and Vendor Policy (VeritaPolicy: SUP-VEND-001). Open service tickets and CAPA tracked.' WHEN t.name = 'Competency Assessment - Annual (all staff)' THEN 'Prior annual competency window per Competency Assessment Policy (VeritaPolicy: HR-COMP-001). All six CLIA elements evaluated for testing personnel.' WHEN t.category = 'QC Review' THEN 'Reviewed prior month Levey-Jennings charts per QC SOP (VeritaPolicy: QC Review Policy QA-QC-001). Two 1-2s warnings on shift change, no rule violations requiring corrective action. Charts initialed and filed in QC binder.' WHEN t.category = 'Quality Assessment' THEN 'Prior PT event reviewed per Proficiency Testing Policy (VeritaPolicy: QA-PT-002). All graded analytes within acceptable range. Investigation log reviewed for any unsuccessful results, none open. Records retained 2 years per CLIA.' WHEN t.category = 'Policy Review' THEN 'Prior biennial SOP review completed per Document Control Policy (VeritaPolicy: DOC-001). Redlines incorporated, version stamped, training acknowledgment captured for affected staff.' WHEN t.category = 'Calibration Verification' THEN 'Prior CalVer/CVR run per Calibration Verification Policy (VeritaPolicy: ANA-CALVER-001). Three levels spanning AMR, results inside +/-10% acceptance. Records filed with method validation packet.' WHEN t.category = 'Correlation' THEN 'Prior method correlation per Method Comparison Policy (VeritaPolicy: ANA-CORR-001). Bias within total allowable error budget; Bland-Altman reviewed.' WHEN t.category = 'Precision Verification' THEN 'Prior precision study reviewed per Performance Verification Policy (VeritaPolicy: ANA-PERF-001). Within-run and between-run CV inside manufacturer claim.' WHEN t.category = 'Equipment Calibration' THEN 'Prior equipment calibration per Equipment Management Policy (VeritaPolicy: EQ-CAL-001). NIST-traceable standards used, deviation within tolerance, sticker updated.' WHEN t.category = 'Daily Checks' THEN 'Prior temperature log reviewed per Storage Monitoring Policy (VeritaPolicy: EQ-TEMP-001). All readings inside acceptable range; one excursion documented with corrective action.' WHEN t.category = 'Blood Bank Alarm Checks' THEN 'Prior alarm test per Blood Bank Storage Policy (VeritaPolicy: BB-ALARM-001) and AABB Standards. Audible and visual alarm verified at high and low set points.' WHEN t.category = 'Water Contamination' THEN 'Prior water testing per Reagent Water Quality Policy (VeritaPolicy: SUP-H2O-001) and CLSI GP40. Conductivity and microbial limits met.' WHEN t.category = 'Safety' THEN 'Prior safety drill per Laboratory Safety Plan (VeritaPolicy: SAF-001). Eyewash flushed weekly, fire extinguisher tags current, MSDS index audited.' WHEN t.category = 'HIPAA' THEN 'Prior HIPAA refresher per Privacy and Security Policy (VeritaPolicy: COMP-HIPAA-001). Workforce attestations on file, training matrix current.' WHEN t.category = 'Bloodborne Pathogen' THEN 'Prior BBP refresher per Exposure Control Plan (VeritaPolicy: SAF-BBP-001) per OSHA 29 CFR 1910.1030. Hepatitis B status documented.' WHEN t.category = 'Competency' THEN 'Prior competency assessment per Competency Assessment Policy (VeritaPolicy: HR-COMP-001). All six CLIA elements evaluated; remediation tracked where needed.' WHEN t.category = 'Inventory' THEN 'Prior inventory reconciliation per Reagent Management Policy (VeritaPolicy: SUP-INV-001). Lot-to-lot validation logged, expired stock removed.' WHEN t.category = 'Vendor Management' THEN 'Prior vendor performance review per Procurement and Vendor Policy (VeritaPolicy: SUP-VEND-001). Service tickets, response times, and CAPA closure tracked.' ELSE 'Prior signoff reviewed per applicable laboratory SOP (VeritaPolicy library). Records retained per CLIA documentation requirements.' END,
  '2026-05-03T20:40:09Z'
FROM veritatrack_tasks t WHERE t.user_id = 17;

-- Competency method groups (one per program) --
DELETE FROM competency_method_groups WHERE program_id IN (SELECT id FROM competency_programs WHERE user_id=17);
INSERT INTO competency_method_groups (program_id, name, instruments, analytes, notes) VALUES ((SELECT id FROM competency_programs WHERE user_id=17 AND name='Chemistry Technical Competency 2026' LIMIT 1), 'Dimension EXL Pri/Backup', '["Bert", "Ernie"]', '["Sodium", "Potassium", "Glucose", "Creatinine", "AST", "ALT"]', '[SEED-2026-05-03-MODULES]');
INSERT INTO competency_method_groups (program_id, name, instruments, analytes, notes) VALUES ((SELECT id FROM competency_programs WHERE user_id=17 AND name='Hematology Technical Competency 2026' LIMIT 1), 'XN-2000 Pri/Backup + Manual Diff', '["Fred", "Wilma", "Manual Differential"]', '["WBC", "Hgb", "Hct", "Plt", "Manual Diff"]', '[SEED-2026-05-03-MODULES]');
INSERT INTO competency_method_groups (program_id, name, instruments, analytes, notes) VALUES ((SELECT id FROM competency_programs WHERE user_id=17 AND name='Lab-Wide Non-Technical Orientation 2026' LIMIT 1), 'All instruments', '["All"]', '["N/A"]', '[SEED-2026-05-03-MODULES]');

-- Competency assessments (technical x 5 employees x 2 programs = 10) --
DELETE FROM competency_assessments WHERE employee_id IN (SELECT id FROM competency_employees WHERE user_id=17);
INSERT INTO competency_assessments (program_id, employee_id, assessment_type, assessment_date, evaluator_name, evaluator_title, evaluator_initials, competency_type, status, remediation_plan, employee_acknowledged, supervisor_acknowledged, created_at) VALUES ((SELECT id FROM competency_programs WHERE user_id=17 AND name='Chemistry Technical Competency 2026' LIMIT 1), (SELECT id FROM competency_employees WHERE user_id=17 AND name='Michael Veri' LIMIT 1), 'initial', '2025-05-08', 'Michael Veri', 'Lab Director', 'MV', 'technical', 'pass', NULL, 1, 1, '2026-05-03T20:40:09Z');
INSERT INTO competency_assessments (program_id, employee_id, assessment_type, assessment_date, evaluator_name, evaluator_title, evaluator_initials, competency_type, status, remediation_plan, employee_acknowledged, supervisor_acknowledged, created_at) VALUES ((SELECT id FROM competency_programs WHERE user_id=17 AND name='Chemistry Technical Competency 2026' LIMIT 1), (SELECT id FROM competency_employees WHERE user_id=17 AND name='Michael Veri' LIMIT 1), 'annual', '2026-03-04', 'Michael Veri', 'Lab Director', 'MV', 'technical', 'pass', NULL, 1, 1, '2026-05-03T20:40:09Z');
INSERT INTO competency_assessments (program_id, employee_id, assessment_type, assessment_date, evaluator_name, evaluator_title, evaluator_initials, competency_type, status, remediation_plan, employee_acknowledged, supervisor_acknowledged, created_at) VALUES ((SELECT id FROM competency_programs WHERE user_id=17 AND name='Hematology Technical Competency 2026' LIMIT 1), (SELECT id FROM competency_employees WHERE user_id=17 AND name='Michael Veri' LIMIT 1), 'initial', '2025-05-08', 'Michael Veri', 'Lab Director', 'MV', 'technical', 'pass', NULL, 1, 1, '2026-05-03T20:40:09Z');
INSERT INTO competency_assessments (program_id, employee_id, assessment_type, assessment_date, evaluator_name, evaluator_title, evaluator_initials, competency_type, status, remediation_plan, employee_acknowledged, supervisor_acknowledged, created_at) VALUES ((SELECT id FROM competency_programs WHERE user_id=17 AND name='Hematology Technical Competency 2026' LIMIT 1), (SELECT id FROM competency_employees WHERE user_id=17 AND name='Michael Veri' LIMIT 1), 'annual', '2026-03-01', 'Michael Veri', 'Lab Director', 'MV', 'technical', 'pass', NULL, 1, 1, '2026-05-03T20:40:09Z');
INSERT INTO competency_assessments (program_id, employee_id, assessment_type, assessment_date, evaluator_name, evaluator_title, evaluator_initials, competency_type, status, remediation_plan, employee_acknowledged, supervisor_acknowledged, created_at) VALUES ((SELECT id FROM competency_programs WHERE user_id=17 AND name='Lab-Wide Non-Technical Orientation 2026' LIMIT 1), (SELECT id FROM competency_employees WHERE user_id=17 AND name='Michael Veri' LIMIT 1), 'initial', '2025-06-07', 'Michael Veri', 'Lab Director', 'MV', 'non-technical', 'pass', NULL, 1, 1, '2026-05-03T20:40:09Z');
INSERT INTO competency_assessments (program_id, employee_id, assessment_type, assessment_date, evaluator_name, evaluator_title, evaluator_initials, competency_type, status, remediation_plan, employee_acknowledged, supervisor_acknowledged, created_at) VALUES ((SELECT id FROM competency_programs WHERE user_id=17 AND name='Chemistry Technical Competency 2026' LIMIT 1), (SELECT id FROM competency_employees WHERE user_id=17 AND name='Lisa Veri' LIMIT 1), 'initial', '2025-05-03', 'Michael Veri', 'Lab Director', 'MV', 'technical', 'pass', NULL, 1, 1, '2026-05-03T20:40:09Z');
INSERT INTO competency_assessments (program_id, employee_id, assessment_type, assessment_date, evaluator_name, evaluator_title, evaluator_initials, competency_type, status, remediation_plan, employee_acknowledged, supervisor_acknowledged, created_at) VALUES ((SELECT id FROM competency_programs WHERE user_id=17 AND name='Chemistry Technical Competency 2026' LIMIT 1), (SELECT id FROM competency_employees WHERE user_id=17 AND name='Lisa Veri' LIMIT 1), 'annual', '2026-02-25', 'Michael Veri', 'Lab Director', 'MV', 'technical', 'pass', NULL, 1, 1, '2026-05-03T20:40:09Z');
INSERT INTO competency_assessments (program_id, employee_id, assessment_type, assessment_date, evaluator_name, evaluator_title, evaluator_initials, competency_type, status, remediation_plan, employee_acknowledged, supervisor_acknowledged, created_at) VALUES ((SELECT id FROM competency_programs WHERE user_id=17 AND name='Hematology Technical Competency 2026' LIMIT 1), (SELECT id FROM competency_employees WHERE user_id=17 AND name='Lisa Veri' LIMIT 1), 'initial', '2025-05-03', 'Michael Veri', 'Lab Director', 'MV', 'technical', 'pass', NULL, 1, 1, '2026-05-03T20:40:09Z');
INSERT INTO competency_assessments (program_id, employee_id, assessment_type, assessment_date, evaluator_name, evaluator_title, evaluator_initials, competency_type, status, remediation_plan, employee_acknowledged, supervisor_acknowledged, created_at) VALUES ((SELECT id FROM competency_programs WHERE user_id=17 AND name='Hematology Technical Competency 2026' LIMIT 1), (SELECT id FROM competency_employees WHERE user_id=17 AND name='Lisa Veri' LIMIT 1), 'annual', '2026-02-22', 'Michael Veri', 'Lab Director', 'MV', 'technical', 'pass', NULL, 1, 1, '2026-05-03T20:40:09Z');
INSERT INTO competency_assessments (program_id, employee_id, assessment_type, assessment_date, evaluator_name, evaluator_title, evaluator_initials, competency_type, status, remediation_plan, employee_acknowledged, supervisor_acknowledged, created_at) VALUES ((SELECT id FROM competency_programs WHERE user_id=17 AND name='Lab-Wide Non-Technical Orientation 2026' LIMIT 1), (SELECT id FROM competency_employees WHERE user_id=17 AND name='Lisa Veri' LIMIT 1), 'initial', '2025-06-02', 'Michael Veri', 'Lab Director', 'MV', 'non-technical', 'pass', NULL, 1, 1, '2026-05-03T20:40:09Z');
INSERT INTO competency_assessments (program_id, employee_id, assessment_type, assessment_date, evaluator_name, evaluator_title, evaluator_initials, competency_type, status, remediation_plan, employee_acknowledged, supervisor_acknowledged, created_at) VALUES ((SELECT id FROM competency_programs WHERE user_id=17 AND name='Chemistry Technical Competency 2026' LIMIT 1), (SELECT id FROM competency_employees WHERE user_id=17 AND name='Jennifer Martinez' LIMIT 1), 'initial', '2025-04-28', 'Michael Veri', 'Lab Director', 'MV', 'technical', 'pass', NULL, 1, 1, '2026-05-03T20:40:09Z');
INSERT INTO competency_assessments (program_id, employee_id, assessment_type, assessment_date, evaluator_name, evaluator_title, evaluator_initials, competency_type, status, remediation_plan, employee_acknowledged, supervisor_acknowledged, created_at) VALUES ((SELECT id FROM competency_programs WHERE user_id=17 AND name='Chemistry Technical Competency 2026' LIMIT 1), (SELECT id FROM competency_employees WHERE user_id=17 AND name='Jennifer Martinez' LIMIT 1), 'annual', '2026-02-18', 'Michael Veri', 'Lab Director', 'MV', 'technical', 'pass', NULL, 1, 1, '2026-05-03T20:40:09Z');
INSERT INTO competency_assessments (program_id, employee_id, assessment_type, assessment_date, evaluator_name, evaluator_title, evaluator_initials, competency_type, status, remediation_plan, employee_acknowledged, supervisor_acknowledged, created_at) VALUES ((SELECT id FROM competency_programs WHERE user_id=17 AND name='Hematology Technical Competency 2026' LIMIT 1), (SELECT id FROM competency_employees WHERE user_id=17 AND name='Jennifer Martinez' LIMIT 1), 'initial', '2025-04-28', 'Michael Veri', 'Lab Director', 'MV', 'technical', 'pass', NULL, 1, 1, '2026-05-03T20:40:09Z');
INSERT INTO competency_assessments (program_id, employee_id, assessment_type, assessment_date, evaluator_name, evaluator_title, evaluator_initials, competency_type, status, remediation_plan, employee_acknowledged, supervisor_acknowledged, created_at) VALUES ((SELECT id FROM competency_programs WHERE user_id=17 AND name='Hematology Technical Competency 2026' LIMIT 1), (SELECT id FROM competency_employees WHERE user_id=17 AND name='Jennifer Martinez' LIMIT 1), 'annual', '2026-02-15', 'Michael Veri', 'Lab Director', 'MV', 'technical', 'pass', NULL, 1, 1, '2026-05-03T20:40:09Z');
INSERT INTO competency_assessments (program_id, employee_id, assessment_type, assessment_date, evaluator_name, evaluator_title, evaluator_initials, competency_type, status, remediation_plan, employee_acknowledged, supervisor_acknowledged, created_at) VALUES ((SELECT id FROM competency_programs WHERE user_id=17 AND name='Lab-Wide Non-Technical Orientation 2026' LIMIT 1), (SELECT id FROM competency_employees WHERE user_id=17 AND name='Jennifer Martinez' LIMIT 1), 'initial', '2025-05-28', 'Michael Veri', 'Lab Director', 'MV', 'non-technical', 'pass', NULL, 1, 1, '2026-05-03T20:40:09Z');
INSERT INTO competency_assessments (program_id, employee_id, assessment_type, assessment_date, evaluator_name, evaluator_title, evaluator_initials, competency_type, status, remediation_plan, employee_acknowledged, supervisor_acknowledged, created_at) VALUES ((SELECT id FROM competency_programs WHERE user_id=17 AND name='Chemistry Technical Competency 2026' LIMIT 1), (SELECT id FROM competency_employees WHERE user_id=17 AND name='Robert Chen' LIMIT 1), 'initial', '2025-04-23', 'Michael Veri', 'Lab Director', 'MV', 'technical', 'pass', NULL, 1, 1, '2026-05-03T20:40:09Z');
INSERT INTO competency_assessments (program_id, employee_id, assessment_type, assessment_date, evaluator_name, evaluator_title, evaluator_initials, competency_type, status, remediation_plan, employee_acknowledged, supervisor_acknowledged, created_at) VALUES ((SELECT id FROM competency_programs WHERE user_id=17 AND name='Chemistry Technical Competency 2026' LIMIT 1), (SELECT id FROM competency_employees WHERE user_id=17 AND name='Robert Chen' LIMIT 1), 'annual', '2026-02-11', 'Michael Veri', 'Lab Director', 'MV', 'technical', 'pass', NULL, 1, 1, '2026-05-03T20:40:09Z');
INSERT INTO competency_assessments (program_id, employee_id, assessment_type, assessment_date, evaluator_name, evaluator_title, evaluator_initials, competency_type, status, remediation_plan, employee_acknowledged, supervisor_acknowledged, created_at) VALUES ((SELECT id FROM competency_programs WHERE user_id=17 AND name='Hematology Technical Competency 2026' LIMIT 1), (SELECT id FROM competency_employees WHERE user_id=17 AND name='Robert Chen' LIMIT 1), 'initial', '2025-04-23', 'Michael Veri', 'Lab Director', 'MV', 'technical', 'pass', NULL, 1, 1, '2026-05-03T20:40:09Z');
INSERT INTO competency_assessments (program_id, employee_id, assessment_type, assessment_date, evaluator_name, evaluator_title, evaluator_initials, competency_type, status, remediation_plan, employee_acknowledged, supervisor_acknowledged, created_at) VALUES ((SELECT id FROM competency_programs WHERE user_id=17 AND name='Hematology Technical Competency 2026' LIMIT 1), (SELECT id FROM competency_employees WHERE user_id=17 AND name='Robert Chen' LIMIT 1), 'annual', '2026-02-08', 'Michael Veri', 'Lab Director', 'MV', 'technical', 'pass', NULL, 1, 1, '2026-05-03T20:40:09Z');
INSERT INTO competency_assessments (program_id, employee_id, assessment_type, assessment_date, evaluator_name, evaluator_title, evaluator_initials, competency_type, status, remediation_plan, employee_acknowledged, supervisor_acknowledged, created_at) VALUES ((SELECT id FROM competency_programs WHERE user_id=17 AND name='Lab-Wide Non-Technical Orientation 2026' LIMIT 1), (SELECT id FROM competency_employees WHERE user_id=17 AND name='Robert Chen' LIMIT 1), 'initial', '2025-05-23', 'Michael Veri', 'Lab Director', 'MV', 'non-technical', 'pass', NULL, 1, 1, '2026-05-03T20:40:09Z');
INSERT INTO competency_assessments (program_id, employee_id, assessment_type, assessment_date, evaluator_name, evaluator_title, evaluator_initials, competency_type, status, remediation_plan, employee_acknowledged, supervisor_acknowledged, created_at) VALUES ((SELECT id FROM competency_programs WHERE user_id=17 AND name='Chemistry Technical Competency 2026' LIMIT 1), (SELECT id FROM competency_employees WHERE user_id=17 AND name='Sarah Williams' LIMIT 1), 'initial', '2025-04-18', 'Michael Veri', 'Lab Director', 'MV', 'technical', 'pass', NULL, 1, 1, '2026-05-03T20:40:09Z');
INSERT INTO competency_assessments (program_id, employee_id, assessment_type, assessment_date, evaluator_name, evaluator_title, evaluator_initials, competency_type, status, remediation_plan, employee_acknowledged, supervisor_acknowledged, created_at) VALUES ((SELECT id FROM competency_programs WHERE user_id=17 AND name='Chemistry Technical Competency 2026' LIMIT 1), (SELECT id FROM competency_employees WHERE user_id=17 AND name='Sarah Williams' LIMIT 1), 'annual', '2026-02-04', 'Michael Veri', 'Lab Director', 'MV', 'technical', 'pass', NULL, 1, 1, '2026-05-03T20:40:09Z');
INSERT INTO competency_assessments (program_id, employee_id, assessment_type, assessment_date, evaluator_name, evaluator_title, evaluator_initials, competency_type, status, remediation_plan, employee_acknowledged, supervisor_acknowledged, created_at) VALUES ((SELECT id FROM competency_programs WHERE user_id=17 AND name='Hematology Technical Competency 2026' LIMIT 1), (SELECT id FROM competency_employees WHERE user_id=17 AND name='Sarah Williams' LIMIT 1), 'initial', '2025-04-18', 'Michael Veri', 'Lab Director', 'MV', 'technical', 'pass', NULL, 1, 1, '2026-05-03T20:40:09Z');
INSERT INTO competency_assessments (program_id, employee_id, assessment_type, assessment_date, evaluator_name, evaluator_title, evaluator_initials, competency_type, status, remediation_plan, employee_acknowledged, supervisor_acknowledged, created_at) VALUES ((SELECT id FROM competency_programs WHERE user_id=17 AND name='Hematology Technical Competency 2026' LIMIT 1), (SELECT id FROM competency_employees WHERE user_id=17 AND name='Sarah Williams' LIMIT 1), 'annual', '2026-02-01', 'Michael Veri', 'Lab Director', 'MV', 'technical', 'pass', NULL, 1, 1, '2026-05-03T20:40:09Z');
INSERT INTO competency_assessments (program_id, employee_id, assessment_type, assessment_date, evaluator_name, evaluator_title, evaluator_initials, competency_type, status, remediation_plan, employee_acknowledged, supervisor_acknowledged, created_at) VALUES ((SELECT id FROM competency_programs WHERE user_id=17 AND name='Lab-Wide Non-Technical Orientation 2026' LIMIT 1), (SELECT id FROM competency_employees WHERE user_id=17 AND name='Sarah Williams' LIMIT 1), 'initial', '2025-05-18', 'Michael Veri', 'Lab Director', 'MV', 'non-technical', 'pass', NULL, 1, 1, '2026-05-03T20:40:09Z');

-- Staff competency schedules --
DELETE FROM staff_competency_schedules WHERE employee_id IN (SELECT id FROM staff_employees WHERE user_id=17);
INSERT INTO staff_competency_schedules (
  employee_id, lab_id,
  initial_completed_at, initial_signed_by,
  six_month_due_at, six_month_completed_at, six_month_signed_by,
  first_annual_due_at, first_annual_completed_at, first_annual_signed_by,
  annual_due_at, last_annual_completed_at, last_annual_signed_by,
  notes
)
SELECT
  e.id,
  e.lab_id,
  date(e.hire_date, '+30 days'),
  'Michael Veri',
  date(e.hire_date, '+6 months'),
  date(e.hire_date, '+6 months', '+5 days'),
  'Michael Veri',
  date(e.hire_date, '+12 months'),
  date(e.hire_date, '+12 months', '+5 days'),
  'Michael Veri',
  date('now', '+90 days'),
  date('now', '-275 days'),
  'Michael Veri',
  '[SEED-2026-05-03-MODULES]'
FROM staff_employees e WHERE e.user_id = 17;

-- VeritaScan: create scan + populate 168 items + assess ~50 --
DELETE FROM veritascan_items WHERE scan_id IN (SELECT id FROM veritascan_scans WHERE user_id=17 AND name LIKE '%[SEED-2026-05-03-MODULES]%');
DELETE FROM veritascan_scans WHERE user_id=17 AND name LIKE '%[SEED-2026-05-03-MODULES]%';

INSERT INTO veritascan_scans (user_id, name, created_at, updated_at) VALUES (17, 'Q2 2026 Pre-COLA Scan [SEED-2026-05-03-MODULES]', '2026-05-03T20:40:09Z', '2026-05-03T20:40:09Z');
INSERT INTO veritascan_items (scan_id, item_id, status, notes, owner, due_date, updated_at, completion_source) VALUES ((SELECT id FROM veritascan_scans WHERE user_id=17 AND name LIKE '%[SEED-2026-05-03-MODULES]%' ORDER BY id DESC LIMIT 1), 1, 'Compliant', 'Verified against POL-003 (Quality Control Plan (IQCP)). QC review records in VeritaCheck → Hematology and Chemistry; Levey-Jennings charts current.', 'Michael Veri', NULL, '2026-05-03T20:40:09Z', 'manual');
INSERT INTO veritascan_items (scan_id, item_id, status, notes, owner, due_date, updated_at, completion_source) VALUES ((SELECT id FROM veritascan_scans WHERE user_id=17 AND name LIKE '%[SEED-2026-05-03-MODULES]%' ORDER BY id DESC LIMIT 1), 2, 'Compliant', 'Verified against POL-003 (Quality Control Plan (IQCP)). QC review records in VeritaCheck → Hematology and Chemistry; Levey-Jennings charts current.', 'Michael Veri', NULL, '2026-05-03T20:40:09Z', 'manual');
INSERT INTO veritascan_items (scan_id, item_id, status, notes, owner, due_date, updated_at, completion_source) VALUES ((SELECT id FROM veritascan_scans WHERE user_id=17 AND name LIKE '%[SEED-2026-05-03-MODULES]%' ORDER BY id DESC LIMIT 1), 3, 'Needs Attention', 'Westgard rule application inconsistent on Chemistry. Cross-check VeritaCheck → Chemistry study and update POL-003 §6 with current rule set.', 'Michael Veri', '2026-06-05', '2026-05-03T20:40:09Z', 'manual');
INSERT INTO veritascan_items (scan_id, item_id, status, notes, owner, due_date, updated_at, completion_source) VALUES ((SELECT id FROM veritascan_scans WHERE user_id=17 AND name LIKE '%[SEED-2026-05-03-MODULES]%' ORDER BY id DESC LIMIT 1), 4, 'Not Assessed', NULL, NULL, NULL, '2026-05-03T20:40:09Z', 'manual');
INSERT INTO veritascan_items (scan_id, item_id, status, notes, owner, due_date, updated_at, completion_source) VALUES ((SELECT id FROM veritascan_scans WHERE user_id=17 AND name LIKE '%[SEED-2026-05-03-MODULES]%' ORDER BY id DESC LIMIT 1), 5, 'Compliant', NULL, 'Michael Veri', NULL, '2026-05-03T20:40:09Z', 'manual');
INSERT INTO veritascan_items (scan_id, item_id, status, notes, owner, due_date, updated_at, completion_source) VALUES ((SELECT id FROM veritascan_scans WHERE user_id=17 AND name LIKE '%[SEED-2026-05-03-MODULES]%' ORDER BY id DESC LIMIT 1), 6, 'Compliant', 'Reviewed POL-003 §4. End-of-month QC reviewed by Michael Veri; evidence attached in VeritaCheck study log.', 'Michael Veri', NULL, '2026-05-03T20:40:09Z', 'manual');
INSERT INTO veritascan_items (scan_id, item_id, status, notes, owner, due_date, updated_at, completion_source) VALUES ((SELECT id FROM veritascan_scans WHERE user_id=17 AND name LIKE '%[SEED-2026-05-03-MODULES]%' ORDER BY id DESC LIMIT 1), 7, 'Needs Attention', 'Critical-value read-back log incomplete for 3 of last 30 events. Reinforce POL-003 (Critical Value Reporting) and update VeritaTrack ''Critical Value Audit'' task.', 'Michael Veri', '2026-06-09', '2026-05-03T20:40:09Z', 'manual');
INSERT INTO veritascan_items (scan_id, item_id, status, notes, owner, due_date, updated_at, completion_source) VALUES ((SELECT id FROM veritascan_scans WHERE user_id=17 AND name LIKE '%[SEED-2026-05-03-MODULES]%' ORDER BY id DESC LIMIT 1), 8, 'Compliant', NULL, 'Michael Veri', NULL, '2026-05-03T20:40:09Z', 'manual');
INSERT INTO veritascan_items (scan_id, item_id, status, notes, owner, due_date, updated_at, completion_source) VALUES ((SELECT id FROM veritascan_scans WHERE user_id=17 AND name LIKE '%[SEED-2026-05-03-MODULES]%' ORDER BY id DESC LIMIT 1), 9, 'Compliant', 'Verified against POL-003 (Quality Control Plan (IQCP)). QC review records in VeritaCheck → Hematology and Chemistry; Levey-Jennings charts current.', 'Michael Veri', NULL, '2026-05-03T20:40:09Z', 'manual');
INSERT INTO veritascan_items (scan_id, item_id, status, notes, owner, due_date, updated_at, completion_source) VALUES ((SELECT id FROM veritascan_scans WHERE user_id=17 AND name LIKE '%[SEED-2026-05-03-MODULES]%' ORDER BY id DESC LIMIT 1), 10, 'Compliant', NULL, 'Michael Veri', NULL, '2026-05-03T20:40:09Z', 'manual');
INSERT INTO veritascan_items (scan_id, item_id, status, notes, owner, due_date, updated_at, completion_source) VALUES ((SELECT id FROM veritascan_scans WHERE user_id=17 AND name LIKE '%[SEED-2026-05-03-MODULES]%' ORDER BY id DESC LIMIT 1), 11, 'Immediate Action', 'Director sign-off on POL-003 (Quality Control Plan (IQCP)) overdue >18 months. Open VeritaPolicy → POL-003 and route for attestation before COLA arrival.', 'Michael Veri', '2026-05-21', '2026-05-03T20:40:09Z', 'manual');
INSERT INTO veritascan_items (scan_id, item_id, status, notes, owner, due_date, updated_at, completion_source) VALUES ((SELECT id FROM veritascan_scans WHERE user_id=17 AND name LIKE '%[SEED-2026-05-03-MODULES]%' ORDER BY id DESC LIMIT 1), 12, 'Compliant', 'Confirmed via POL-003. Monthly QC sign-off captured in VeritaTrack → ''QC Monthly Review'' task; PI metric ''QC Failures'' trending green.', 'Michael Veri', NULL, '2026-05-03T20:40:09Z', 'manual');
INSERT INTO veritascan_items (scan_id, item_id, status, notes, owner, due_date, updated_at, completion_source) VALUES ((SELECT id FROM veritascan_scans WHERE user_id=17 AND name LIKE '%[SEED-2026-05-03-MODULES]%' ORDER BY id DESC LIMIT 1), 13, 'Compliant', NULL, 'Michael Veri', NULL, '2026-05-03T20:40:09Z', 'manual');
INSERT INTO veritascan_items (scan_id, item_id, status, notes, owner, due_date, updated_at, completion_source) VALUES ((SELECT id FROM veritascan_scans WHERE user_id=17 AND name LIKE '%[SEED-2026-05-03-MODULES]%' ORDER BY id DESC LIMIT 1), 14, 'Needs Attention', 'Westgard rule application inconsistent on Chemistry. Cross-check VeritaCheck → Chemistry study and update POL-003 §6 with current rule set.', 'Michael Veri', '2026-06-16', '2026-05-03T20:40:09Z', 'manual');
INSERT INTO veritascan_items (scan_id, item_id, status, notes, owner, due_date, updated_at, completion_source) VALUES ((SELECT id FROM veritascan_scans WHERE user_id=17 AND name LIKE '%[SEED-2026-05-03-MODULES]%' ORDER BY id DESC LIMIT 1), 15, 'Not Assessed', NULL, NULL, NULL, '2026-05-03T20:40:09Z', 'manual');
INSERT INTO veritascan_items (scan_id, item_id, status, notes, owner, due_date, updated_at, completion_source) VALUES ((SELECT id FROM veritascan_scans WHERE user_id=17 AND name LIKE '%[SEED-2026-05-03-MODULES]%' ORDER BY id DESC LIMIT 1), 16, 'Compliant', 'Reviewed POL-003 §4. End-of-month QC reviewed by Michael Veri; evidence attached in VeritaCheck study log.', 'Michael Veri', NULL, '2026-05-03T20:40:09Z', 'manual');
INSERT INTO veritascan_items (scan_id, item_id, status, notes, owner, due_date, updated_at, completion_source) VALUES ((SELECT id FROM veritascan_scans WHERE user_id=17 AND name LIKE '%[SEED-2026-05-03-MODULES]%' ORDER BY id DESC LIMIT 1), 17, 'Compliant', 'Reviewed POL-003 §4. End-of-month QC reviewed by Michael Veri; evidence attached in VeritaCheck study log.', 'Michael Veri', NULL, '2026-05-03T20:40:09Z', 'manual');
INSERT INTO veritascan_items (scan_id, item_id, status, notes, owner, due_date, updated_at, completion_source) VALUES ((SELECT id FROM veritascan_scans WHERE user_id=17 AND name LIKE '%[SEED-2026-05-03-MODULES]%' ORDER BY id DESC LIMIT 1), 18, 'Needs Attention', 'Levey-Jennings review behind schedule; POL-003 §4.2 calls for weekly review. Open VeritaTrack task ''Hematology QC Review'' to clear backlog.', 'Michael Veri', '2026-06-20', '2026-05-03T20:40:09Z', 'manual');
INSERT INTO veritascan_items (scan_id, item_id, status, notes, owner, due_date, updated_at, completion_source) VALUES ((SELECT id FROM veritascan_scans WHERE user_id=17 AND name LIKE '%[SEED-2026-05-03-MODULES]%' ORDER BY id DESC LIMIT 1), 19, 'Compliant', 'Verified against POL-003 (Quality Control Plan (IQCP)). QC review records in VeritaCheck → Hematology and Chemistry; Levey-Jennings charts current.', 'Michael Veri', NULL, '2026-05-03T20:40:09Z', 'manual');
INSERT INTO veritascan_items (scan_id, item_id, status, notes, owner, due_date, updated_at, completion_source) VALUES ((SELECT id FROM veritascan_scans WHERE user_id=17 AND name LIKE '%[SEED-2026-05-03-MODULES]%' ORDER BY id DESC LIMIT 1), 20, 'Compliant', NULL, 'Michael Veri', NULL, '2026-05-03T20:40:09Z', 'manual');
INSERT INTO veritascan_items (scan_id, item_id, status, notes, owner, due_date, updated_at, completion_source) VALUES ((SELECT id FROM veritascan_scans WHERE user_id=17 AND name LIKE '%[SEED-2026-05-03-MODULES]%' ORDER BY id DESC LIMIT 1), 21, 'Compliant', 'Method comparison documented in VeritaMap → ''Hematology - Sysmex XN-2000 + Manual Diff'' (correlation group); meets POL-005 §3.', 'Michael Veri', NULL, '2026-05-03T20:40:09Z', 'manual');
INSERT INTO veritascan_items (scan_id, item_id, status, notes, owner, due_date, updated_at, completion_source) VALUES ((SELECT id FROM veritascan_scans WHERE user_id=17 AND name LIKE '%[SEED-2026-05-03-MODULES]%' ORDER BY id DESC LIMIT 1), 22, 'Immediate Action', 'Cross-instrument correlation between i-STAT G3+ and Nova StatStrip (POC Glucose) overdue. Open VeritaMap → ''Point of Care'' → Glucose row and run Pri↔Backup correlation.', 'Michael Veri', '2026-05-18', '2026-05-03T20:40:09Z', 'manual');
INSERT INTO veritascan_items (scan_id, item_id, status, notes, owner, due_date, updated_at, completion_source) VALUES ((SELECT id FROM veritascan_scans WHERE user_id=17 AND name LIKE '%[SEED-2026-05-03-MODULES]%' ORDER BY id DESC LIMIT 1), 23, 'Compliant', NULL, 'Michael Veri', NULL, '2026-05-03T20:40:09Z', 'manual');
INSERT INTO veritascan_items (scan_id, item_id, status, notes, owner, due_date, updated_at, completion_source) VALUES ((SELECT id FROM veritascan_scans WHERE user_id=17 AND name LIKE '%[SEED-2026-05-03-MODULES]%' ORDER BY id DESC LIMIT 1), 24, 'Compliant', 'Reportable range verified for all quantitative tests; evidence in VeritaMap detail view per POL-005.', 'Michael Veri', NULL, '2026-05-03T20:40:09Z', 'manual');
INSERT INTO veritascan_items (scan_id, item_id, status, notes, owner, due_date, updated_at, completion_source) VALUES ((SELECT id FROM veritascan_scans WHERE user_id=17 AND name LIKE '%[SEED-2026-05-03-MODULES]%' ORDER BY id DESC LIMIT 1), 25, 'Needs Attention', 'Pearson r threshold not stated in POL-005; current practice accepts ≥0.95 but policy is silent. Update policy text.', 'Michael Veri', '2026-06-27', '2026-05-03T20:40:09Z', 'manual');
INSERT INTO veritascan_items (scan_id, item_id, status, notes, owner, due_date, updated_at, completion_source) VALUES ((SELECT id FROM veritascan_scans WHERE user_id=17 AND name LIKE '%[SEED-2026-05-03-MODULES]%' ORDER BY id DESC LIMIT 1), 26, 'Not Assessed', NULL, NULL, NULL, '2026-05-03T20:40:09Z', 'manual');
INSERT INTO veritascan_items (scan_id, item_id, status, notes, owner, due_date, updated_at, completion_source) VALUES ((SELECT id FROM veritascan_scans WHERE user_id=17 AND name LIKE '%[SEED-2026-05-03-MODULES]%' ORDER BY id DESC LIMIT 1), 27, 'Compliant', 'Cal-ver records on file per POL-005 (Method Validation and Verification). See VeritaMap → ''Chemistry - Siemens Dimension EXL'' for analyte-level due dates.', 'Michael Veri', NULL, '2026-05-03T20:40:09Z', 'manual');
INSERT INTO veritascan_items (scan_id, item_id, status, notes, owner, due_date, updated_at, completion_source) VALUES ((SELECT id FROM veritascan_scans WHERE user_id=17 AND name LIKE '%[SEED-2026-05-03-MODULES]%' ORDER BY id DESC LIMIT 1), 28, 'Compliant', NULL, 'Michael Veri', NULL, '2026-05-03T20:40:09Z', 'manual');
INSERT INTO veritascan_items (scan_id, item_id, status, notes, owner, due_date, updated_at, completion_source) VALUES ((SELECT id FROM veritascan_scans WHERE user_id=17 AND name LIKE '%[SEED-2026-05-03-MODULES]%' ORDER BY id DESC LIMIT 1), 29, 'Needs Attention', 'Cal-ver due in <30 days for 4 Chemistry analytes. See VeritaMap → ''Chemistry - Siemens Dimension EXL'' → next-due column; schedule per POL-005.', 'Michael Veri', '2026-07-01', '2026-05-03T20:40:09Z', 'manual');
INSERT INTO veritascan_items (scan_id, item_id, status, notes, owner, due_date, updated_at, completion_source) VALUES ((SELECT id FROM veritascan_scans WHERE user_id=17 AND name LIKE '%[SEED-2026-05-03-MODULES]%' ORDER BY id DESC LIMIT 1), 30, 'Not Assessed', NULL, NULL, NULL, '2026-05-03T20:40:09Z', 'manual');
INSERT INTO veritascan_items (scan_id, item_id, status, notes, owner, due_date, updated_at, completion_source) VALUES ((SELECT id FROM veritascan_scans WHERE user_id=17 AND name LIKE '%[SEED-2026-05-03-MODULES]%' ORDER BY id DESC LIMIT 1), 31, 'Compliant', 'Method comparison documented in VeritaMap → ''Hematology - Sysmex XN-2000 + Manual Diff'' (correlation group); meets POL-005 §3.', 'Michael Veri', NULL, '2026-05-03T20:40:09Z', 'manual');
INSERT INTO veritascan_items (scan_id, item_id, status, notes, owner, due_date, updated_at, completion_source) VALUES ((SELECT id FROM veritascan_scans WHERE user_id=17 AND name LIKE '%[SEED-2026-05-03-MODULES]%' ORDER BY id DESC LIMIT 1), 32, 'Compliant', 'Method comparison documented in VeritaMap → ''Hematology - Sysmex XN-2000 + Manual Diff'' (correlation group); meets POL-005 §3.', 'Michael Veri', NULL, '2026-05-03T20:40:09Z', 'manual');
INSERT INTO veritascan_items (scan_id, item_id, status, notes, owner, due_date, updated_at, completion_source) VALUES ((SELECT id FROM veritascan_scans WHERE user_id=17 AND name LIKE '%[SEED-2026-05-03-MODULES]%' ORDER BY id DESC LIMIT 1), 33, 'Immediate Action', 'Cross-instrument correlation between i-STAT G3+ and Nova StatStrip (POC Glucose) overdue. Open VeritaMap → ''Point of Care'' → Glucose row and run Pri↔Backup correlation.', 'Michael Veri', '2026-05-15', '2026-05-03T20:40:09Z', 'manual');
INSERT INTO veritascan_items (scan_id, item_id, status, notes, owner, due_date, updated_at, completion_source) VALUES ((SELECT id FROM veritascan_scans WHERE user_id=17 AND name LIKE '%[SEED-2026-05-03-MODULES]%' ORDER BY id DESC LIMIT 1), 34, 'Compliant', 'Reportable range verified for all quantitative tests; evidence in VeritaMap detail view per POL-005.', 'Michael Veri', NULL, '2026-05-03T20:40:09Z', 'manual');
INSERT INTO veritascan_items (scan_id, item_id, status, notes, owner, due_date, updated_at, completion_source) VALUES ((SELECT id FROM veritascan_scans WHERE user_id=17 AND name LIKE '%[SEED-2026-05-03-MODULES]%' ORDER BY id DESC LIMIT 1), 35, 'Compliant', NULL, 'Michael Veri', NULL, '2026-05-03T20:40:09Z', 'manual');
INSERT INTO veritascan_items (scan_id, item_id, status, notes, owner, due_date, updated_at, completion_source) VALUES ((SELECT id FROM veritascan_scans WHERE user_id=17 AND name LIKE '%[SEED-2026-05-03-MODULES]%' ORDER BY id DESC LIMIT 1), 36, 'Needs Attention', 'Cal-ver due in <30 days for 4 Chemistry analytes. See VeritaMap → ''Chemistry - Siemens Dimension EXL'' → next-due column; schedule per POL-005.', 'Michael Veri', '2026-06-08', '2026-05-03T20:40:09Z', 'manual');
INSERT INTO veritascan_items (scan_id, item_id, status, notes, owner, due_date, updated_at, completion_source) VALUES ((SELECT id FROM veritascan_scans WHERE user_id=17 AND name LIKE '%[SEED-2026-05-03-MODULES]%' ORDER BY id DESC LIMIT 1), 37, 'Not Assessed', NULL, NULL, NULL, '2026-05-03T20:40:09Z', 'manual');
INSERT INTO veritascan_items (scan_id, item_id, status, notes, owner, due_date, updated_at, completion_source) VALUES ((SELECT id FROM veritascan_scans WHERE user_id=17 AND name LIKE '%[SEED-2026-05-03-MODULES]%' ORDER BY id DESC LIMIT 1), 38, 'Compliant', NULL, 'Michael Veri', NULL, '2026-05-03T20:40:09Z', 'manual');
INSERT INTO veritascan_items (scan_id, item_id, status, notes, owner, due_date, updated_at, completion_source) VALUES ((SELECT id FROM veritascan_scans WHERE user_id=17 AND name LIKE '%[SEED-2026-05-03-MODULES]%' ORDER BY id DESC LIMIT 1), 39, 'Compliant', 'Director review of PT results documented for last 4 events; evidence in VeritaPT → events tab per POL-006.', 'Michael Veri', NULL, '2026-05-03T20:40:09Z', 'manual');
INSERT INTO veritascan_items (scan_id, item_id, status, notes, owner, due_date, updated_at, completion_source) VALUES ((SELECT id FROM veritascan_scans WHERE user_id=17 AND name LIKE '%[SEED-2026-05-03-MODULES]%' ORDER BY id DESC LIMIT 1), 40, 'Needs Attention', 'Alternative performance assessment (APA) overdue for one non-regulated analyte; document per POL-006 §6.', 'Michael Veri', '2026-06-12', '2026-05-03T20:40:09Z', 'manual');
INSERT INTO veritascan_items (scan_id, item_id, status, notes, owner, due_date, updated_at, completion_source) VALUES ((SELECT id FROM veritascan_scans WHERE user_id=17 AND name LIKE '%[SEED-2026-05-03-MODULES]%' ORDER BY id DESC LIMIT 1), 41, 'Not Assessed', NULL, NULL, NULL, '2026-05-03T20:40:09Z', 'manual');
INSERT INTO veritascan_items (scan_id, item_id, status, notes, owner, due_date, updated_at, completion_source) VALUES ((SELECT id FROM veritascan_scans WHERE user_id=17 AND name LIKE '%[SEED-2026-05-03-MODULES]%' ORDER BY id DESC LIMIT 1), 42, 'Compliant', 'PT samples handled identical to patient samples; attestation captured per POL-006 §2.', 'Michael Veri', NULL, '2026-05-03T20:40:09Z', 'manual');
INSERT INTO veritascan_items (scan_id, item_id, status, notes, owner, due_date, updated_at, completion_source) VALUES ((SELECT id FROM veritascan_scans WHERE user_id=17 AND name LIKE '%[SEED-2026-05-03-MODULES]%' ORDER BY id DESC LIMIT 1), 43, 'Compliant', NULL, 'Michael Veri', NULL, '2026-05-03T20:40:09Z', 'manual');
INSERT INTO veritascan_items (scan_id, item_id, status, notes, owner, due_date, updated_at, completion_source) VALUES ((SELECT id FROM veritascan_scans WHERE user_id=17 AND name LIKE '%[SEED-2026-05-03-MODULES]%' ORDER BY id DESC LIMIT 1), 44, 'Needs Attention', 'PT enrollment certificate scan missing for 1 program. Upload to VeritaPolicy → POL-006 attachments.', 'Michael Veri', '2026-06-16', '2026-05-03T20:40:09Z', 'manual');
INSERT INTO veritascan_items (scan_id, item_id, status, notes, owner, due_date, updated_at, completion_source) VALUES ((SELECT id FROM veritascan_scans WHERE user_id=17 AND name LIKE '%[SEED-2026-05-03-MODULES]%' ORDER BY id DESC LIMIT 1), 45, 'Compliant', NULL, 'Michael Veri', NULL, '2026-05-03T20:40:09Z', 'manual');
INSERT INTO veritascan_items (scan_id, item_id, status, notes, owner, due_date, updated_at, completion_source) VALUES ((SELECT id FROM veritascan_scans WHERE user_id=17 AND name LIKE '%[SEED-2026-05-03-MODULES]%' ORDER BY id DESC LIMIT 1), 46, 'Compliant', 'PT enrollment current with API for all regulated analytes per POL-006. See VeritaPT enrollments and PT events log.', 'Michael Veri', NULL, '2026-05-03T20:40:09Z', 'manual');
INSERT INTO veritascan_items (scan_id, item_id, status, notes, owner, due_date, updated_at, completion_source) VALUES ((SELECT id FROM veritascan_scans WHERE user_id=17 AND name LIKE '%[SEED-2026-05-03-MODULES]%' ORDER BY id DESC LIMIT 1), 47, 'Compliant', 'PT enrollment current with API for all regulated analytes per POL-006. See VeritaPT enrollments and PT events log.', 'Michael Veri', NULL, '2026-05-03T20:40:09Z', 'manual');
INSERT INTO veritascan_items (scan_id, item_id, status, notes, owner, due_date, updated_at, completion_source) VALUES ((SELECT id FROM veritascan_scans WHERE user_id=17 AND name LIKE '%[SEED-2026-05-03-MODULES]%' ORDER BY id DESC LIMIT 1), 48, 'Immediate Action', 'Unsuccessful PT performance not investigated within 30 days; POL-006 §5 requires RCA. Open VeritaPT corrective action and assign to Michael Veri before COLA.', 'Michael Veri', '2026-05-16', '2026-05-03T20:40:09Z', 'manual');
INSERT INTO veritascan_items (scan_id, item_id, status, notes, owner, due_date, updated_at, completion_source) VALUES ((SELECT id FROM veritascan_scans WHERE user_id=17 AND name LIKE '%[SEED-2026-05-03-MODULES]%' ORDER BY id DESC LIMIT 1), 49, 'Compliant', 'Director review of PT results documented for last 4 events; evidence in VeritaPT → events tab per POL-006.', 'Michael Veri', NULL, '2026-05-03T20:40:09Z', 'manual');
INSERT INTO veritascan_items (scan_id, item_id, status, notes, owner, due_date, updated_at, completion_source) VALUES ((SELECT id FROM veritascan_scans WHERE user_id=17 AND name LIKE '%[SEED-2026-05-03-MODULES]%' ORDER BY id DESC LIMIT 1), 50, 'Compliant', NULL, 'Michael Veri', NULL, '2026-05-03T20:40:09Z', 'manual');
INSERT INTO veritascan_items (scan_id, item_id, status, notes, owner, due_date, updated_at, completion_source) VALUES ((SELECT id FROM veritascan_scans WHERE user_id=17 AND name LIKE '%[SEED-2026-05-03-MODULES]%' ORDER BY id DESC LIMIT 1), 51, 'Needs Attention', 'PT enrollment certificate scan missing for 1 program. Upload to VeritaPolicy → POL-006 attachments.', 'Michael Veri', '2026-06-23', '2026-05-03T20:40:09Z', 'manual');
INSERT INTO veritascan_items (scan_id, item_id, status, notes, owner, due_date, updated_at, completion_source) VALUES ((SELECT id FROM veritascan_scans WHERE user_id=17 AND name LIKE '%[SEED-2026-05-03-MODULES]%' ORDER BY id DESC LIMIT 1), 52, 'Not Assessed', NULL, NULL, NULL, '2026-05-03T20:40:09Z', 'manual');
INSERT INTO veritascan_items (scan_id, item_id, status, notes, owner, due_date, updated_at, completion_source) VALUES ((SELECT id FROM veritascan_scans WHERE user_id=17 AND name LIKE '%[SEED-2026-05-03-MODULES]%' ORDER BY id DESC LIMIT 1), 53, 'Compliant', NULL, 'Michael Veri', NULL, '2026-05-03T20:40:09Z', 'manual');
INSERT INTO veritascan_items (scan_id, item_id, status, notes, owner, due_date, updated_at, completion_source) VALUES ((SELECT id FROM veritascan_scans WHERE user_id=17 AND name LIKE '%[SEED-2026-05-03-MODULES]%' ORDER BY id DESC LIMIT 1), 54, 'Compliant', 'Competency program current per POL-004. See Competency → ''Chemistry Technical Competency 2026'' and ''Hematology Technical Competency 2026'' assessments.', 'Michael Veri', NULL, '2026-05-03T20:40:09Z', 'manual');
INSERT INTO veritascan_items (scan_id, item_id, status, notes, owner, due_date, updated_at, completion_source) VALUES ((SELECT id FROM veritascan_scans WHERE user_id=17 AND name LIKE '%[SEED-2026-05-03-MODULES]%' ORDER BY id DESC LIMIT 1), 55, 'Needs Attention', '6-month competency due in <60 days for 1 employee. See Staff → competency schedules; schedule observation per POL-004.', 'Michael Veri', '2026-06-27', '2026-05-03T20:40:09Z', 'manual');
INSERT INTO veritascan_items (scan_id, item_id, status, notes, owner, due_date, updated_at, completion_source) VALUES ((SELECT id FROM veritascan_scans WHERE user_id=17 AND name LIKE '%[SEED-2026-05-03-MODULES]%' ORDER BY id DESC LIMIT 1), 56, 'Compliant', 'Competency program current per POL-004. See Competency → ''Chemistry Technical Competency 2026'' and ''Hematology Technical Competency 2026'' assessments.', 'Michael Veri', NULL, '2026-05-03T20:40:09Z', 'manual');
INSERT INTO veritascan_items (scan_id, item_id, status, notes, owner, due_date, updated_at, completion_source) VALUES ((SELECT id FROM veritascan_scans WHERE user_id=17 AND name LIKE '%[SEED-2026-05-03-MODULES]%' ORDER BY id DESC LIMIT 1), 57, 'Compliant', 'All 6 CLIA methods captured per assessment; evidence in Competency module per POL-004 §3.', 'Michael Veri', NULL, '2026-05-03T20:40:09Z', 'manual');
INSERT INTO veritascan_items (scan_id, item_id, status, notes, owner, due_date, updated_at, completion_source) VALUES ((SELECT id FROM veritascan_scans WHERE user_id=17 AND name LIKE '%[SEED-2026-05-03-MODULES]%' ORDER BY id DESC LIMIT 1), 58, 'Compliant', NULL, 'Michael Veri', NULL, '2026-05-03T20:40:09Z', 'manual');
INSERT INTO veritascan_items (scan_id, item_id, status, notes, owner, due_date, updated_at, completion_source) VALUES ((SELECT id FROM veritascan_scans WHERE user_id=17 AND name LIKE '%[SEED-2026-05-03-MODULES]%' ORDER BY id DESC LIMIT 1), 59, 'Immediate Action', 'Director attestation of staff qualifications missing for 2026 cycle. Generate via Staff → Director Attestation report and route per POL-004.', 'Michael Veri', '2026-05-13', '2026-05-03T20:40:09Z', 'manual');
INSERT INTO veritascan_items (scan_id, item_id, status, notes, owner, due_date, updated_at, completion_source) VALUES ((SELECT id FROM veritascan_scans WHERE user_id=17 AND name LIKE '%[SEED-2026-05-03-MODULES]%' ORDER BY id DESC LIMIT 1), 60, 'Compliant', NULL, 'Michael Veri', NULL, '2026-05-03T20:40:09Z', 'manual');
INSERT INTO veritascan_items (scan_id, item_id, status, notes, owner, due_date, updated_at, completion_source) VALUES ((SELECT id FROM veritascan_scans WHERE user_id=17 AND name LIKE '%[SEED-2026-05-03-MODULES]%' ORDER BY id DESC LIMIT 1), 61, 'Compliant', 'Annual competency complete for all 5 staff; sign-offs in Competency module and Staff schedule.', 'Michael Veri', NULL, '2026-05-03T20:40:09Z', 'manual');
INSERT INTO veritascan_items (scan_id, item_id, status, notes, owner, due_date, updated_at, completion_source) VALUES ((SELECT id FROM veritascan_scans WHERE user_id=17 AND name LIKE '%[SEED-2026-05-03-MODULES]%' ORDER BY id DESC LIMIT 1), 62, 'Needs Attention', 'Continuing education tracking outside Competency module. Consolidate into Staff records per POL-004.', 'Michael Veri', '2026-06-04', '2026-05-03T20:40:09Z', 'manual');
INSERT INTO veritascan_items (scan_id, item_id, status, notes, owner, due_date, updated_at, completion_source) VALUES ((SELECT id FROM veritascan_scans WHERE user_id=17 AND name LIKE '%[SEED-2026-05-03-MODULES]%' ORDER BY id DESC LIMIT 1), 63, 'Not Assessed', NULL, NULL, NULL, '2026-05-03T20:40:09Z', 'manual');
INSERT INTO veritascan_items (scan_id, item_id, status, notes, owner, due_date, updated_at, completion_source) VALUES ((SELECT id FROM veritascan_scans WHERE user_id=17 AND name LIKE '%[SEED-2026-05-03-MODULES]%' ORDER BY id DESC LIMIT 1), 64, 'Compliant', 'Competency program current per POL-004. See Competency → ''Chemistry Technical Competency 2026'' and ''Hematology Technical Competency 2026'' assessments.', 'Michael Veri', NULL, '2026-05-03T20:40:09Z', 'manual');
INSERT INTO veritascan_items (scan_id, item_id, status, notes, owner, due_date, updated_at, completion_source) VALUES ((SELECT id FROM veritascan_scans WHERE user_id=17 AND name LIKE '%[SEED-2026-05-03-MODULES]%' ORDER BY id DESC LIMIT 1), 65, 'Compliant', NULL, 'Michael Veri', NULL, '2026-05-03T20:40:09Z', 'manual');
INSERT INTO veritascan_items (scan_id, item_id, status, notes, owner, due_date, updated_at, completion_source) VALUES ((SELECT id FROM veritascan_scans WHERE user_id=17 AND name LIKE '%[SEED-2026-05-03-MODULES]%' ORDER BY id DESC LIMIT 1), 66, 'Needs Attention', 'Remedial training pathway in POL-004 §5 not exercised in 12 months; verify policy still reflects practice.', 'Michael Veri', '2026-06-08', '2026-05-03T20:40:09Z', 'manual');
INSERT INTO veritascan_items (scan_id, item_id, status, notes, owner, due_date, updated_at, completion_source) VALUES ((SELECT id FROM veritascan_scans WHERE user_id=17 AND name LIKE '%[SEED-2026-05-03-MODULES]%' ORDER BY id DESC LIMIT 1), 67, 'Not Assessed', NULL, NULL, NULL, '2026-05-03T20:40:09Z', 'manual');
INSERT INTO veritascan_items (scan_id, item_id, status, notes, owner, due_date, updated_at, completion_source) VALUES ((SELECT id FROM veritascan_scans WHERE user_id=17 AND name LIKE '%[SEED-2026-05-03-MODULES]%' ORDER BY id DESC LIMIT 1), 68, 'Compliant', NULL, 'Michael Veri', NULL, '2026-05-03T20:40:09Z', 'manual');
INSERT INTO veritascan_items (scan_id, item_id, status, notes, owner, due_date, updated_at, completion_source) VALUES ((SELECT id FROM veritascan_scans WHERE user_id=17 AND name LIKE '%[SEED-2026-05-03-MODULES]%' ORDER BY id DESC LIMIT 1), 69, 'Compliant', 'Annual competency complete for all 5 staff; sign-offs in Competency module and Staff schedule.', 'Michael Veri', NULL, '2026-05-03T20:40:09Z', 'manual');
INSERT INTO veritascan_items (scan_id, item_id, status, notes, owner, due_date, updated_at, completion_source) VALUES ((SELECT id FROM veritascan_scans WHERE user_id=17 AND name LIKE '%[SEED-2026-05-03-MODULES]%' ORDER BY id DESC LIMIT 1), 70, 'Immediate Action', 'Director attestation of staff qualifications missing for 2026 cycle. Generate via Staff → Director Attestation report and route per POL-004.', 'Michael Veri', '2026-05-10', '2026-05-03T20:40:09Z', 'manual');
INSERT INTO veritascan_items (scan_id, item_id, status, notes, owner, due_date, updated_at, completion_source) VALUES ((SELECT id FROM veritascan_scans WHERE user_id=17 AND name LIKE '%[SEED-2026-05-03-MODULES]%' ORDER BY id DESC LIMIT 1), 71, 'Compliant', 'Annual competency complete for all 5 staff; sign-offs in Competency module and Staff schedule.', 'Michael Veri', NULL, '2026-05-03T20:40:09Z', 'manual');
INSERT INTO veritascan_items (scan_id, item_id, status, notes, owner, due_date, updated_at, completion_source) VALUES ((SELECT id FROM veritascan_scans WHERE user_id=17 AND name LIKE '%[SEED-2026-05-03-MODULES]%' ORDER BY id DESC LIMIT 1), 72, 'Compliant', 'Competency program current per POL-004. See Competency → ''Chemistry Technical Competency 2026'' and ''Hematology Technical Competency 2026'' assessments.', 'Michael Veri', NULL, '2026-05-03T20:40:09Z', 'manual');
INSERT INTO veritascan_items (scan_id, item_id, status, notes, owner, due_date, updated_at, completion_source) VALUES ((SELECT id FROM veritascan_scans WHERE user_id=17 AND name LIKE '%[SEED-2026-05-03-MODULES]%' ORDER BY id DESC LIMIT 1), 73, 'Compliant', NULL, 'Michael Veri', NULL, '2026-05-03T20:40:09Z', 'manual');
INSERT INTO veritascan_items (scan_id, item_id, status, notes, owner, due_date, updated_at, completion_source) VALUES ((SELECT id FROM veritascan_scans WHERE user_id=17 AND name LIKE '%[SEED-2026-05-03-MODULES]%' ORDER BY id DESC LIMIT 1), 74, 'Not Assessed', NULL, NULL, NULL, '2026-05-03T20:40:09Z', 'manual');
INSERT INTO veritascan_items (scan_id, item_id, status, notes, owner, due_date, updated_at, completion_source) VALUES ((SELECT id FROM veritascan_scans WHERE user_id=17 AND name LIKE '%[SEED-2026-05-03-MODULES]%' ORDER BY id DESC LIMIT 1), 75, 'Compliant', NULL, 'Michael Veri', NULL, '2026-05-03T20:40:09Z', 'manual');
INSERT INTO veritascan_items (scan_id, item_id, status, notes, owner, due_date, updated_at, completion_source) VALUES ((SELECT id FROM veritascan_scans WHERE user_id=17 AND name LIKE '%[SEED-2026-05-03-MODULES]%' ORDER BY id DESC LIMIT 1), 76, 'Compliant', 'Specimen labeling and rejection criteria documented per POL-001; staff trained (Competency module).', 'Michael Veri', NULL, '2026-05-03T20:40:09Z', 'manual');
INSERT INTO veritascan_items (scan_id, item_id, status, notes, owner, due_date, updated_at, completion_source) VALUES ((SELECT id FROM veritascan_scans WHERE user_id=17 AND name LIKE '%[SEED-2026-05-03-MODULES]%' ORDER BY id DESC LIMIT 1), 77, 'Needs Attention', 'Reflex testing criteria in POL-001 reference outdated panel. Update before survey.', 'Michael Veri', '2026-06-19', '2026-05-03T20:40:09Z', 'manual');
INSERT INTO veritascan_items (scan_id, item_id, status, notes, owner, due_date, updated_at, completion_source) VALUES ((SELECT id FROM veritascan_scans WHERE user_id=17 AND name LIKE '%[SEED-2026-05-03-MODULES]%' ORDER BY id DESC LIMIT 1), 78, 'Not Assessed', NULL, NULL, NULL, '2026-05-03T20:40:09Z', 'manual');
INSERT INTO veritascan_items (scan_id, item_id, status, notes, owner, due_date, updated_at, completion_source) VALUES ((SELECT id FROM veritascan_scans WHERE user_id=17 AND name LIKE '%[SEED-2026-05-03-MODULES]%' ORDER BY id DESC LIMIT 1), 79, 'Compliant', 'Result reporting elements meet CLIA per POL-001; LIS report template attached.', 'Michael Veri', NULL, '2026-05-03T20:40:09Z', 'manual');
INSERT INTO veritascan_items (scan_id, item_id, status, notes, owner, due_date, updated_at, completion_source) VALUES ((SELECT id FROM veritascan_scans WHERE user_id=17 AND name LIKE '%[SEED-2026-05-03-MODULES]%' ORDER BY id DESC LIMIT 1), 80, 'Compliant', NULL, 'Michael Veri', NULL, '2026-05-03T20:40:09Z', 'manual');
INSERT INTO veritascan_items (scan_id, item_id, status, notes, owner, due_date, updated_at, completion_source) VALUES ((SELECT id FROM veritascan_scans WHERE user_id=17 AND name LIKE '%[SEED-2026-05-03-MODULES]%' ORDER BY id DESC LIMIT 1), 81, 'Needs Attention', 'Two SOPs past 24-month review window. Open VeritaPolicy → POL-001 and re-route for director sign-off.', 'Michael Veri', '2026-06-23', '2026-05-03T20:40:09Z', 'manual');
INSERT INTO veritascan_items (scan_id, item_id, status, notes, owner, due_date, updated_at, completion_source) VALUES ((SELECT id FROM veritascan_scans WHERE user_id=17 AND name LIKE '%[SEED-2026-05-03-MODULES]%' ORDER BY id DESC LIMIT 1), 82, 'Compliant', 'SOP set current per POL-001 (Specimen Collection and Handling SOP); 2-year director review captured in VeritaPolicy.', 'Michael Veri', NULL, '2026-05-03T20:40:09Z', 'manual');
INSERT INTO veritascan_items (scan_id, item_id, status, notes, owner, due_date, updated_at, completion_source) VALUES ((SELECT id FROM veritascan_scans WHERE user_id=17 AND name LIKE '%[SEED-2026-05-03-MODULES]%' ORDER BY id DESC LIMIT 1), 83, 'Compliant', NULL, 'Michael Veri', NULL, '2026-05-03T20:40:09Z', 'manual');
INSERT INTO veritascan_items (scan_id, item_id, status, notes, owner, due_date, updated_at, completion_source) VALUES ((SELECT id FROM veritascan_scans WHERE user_id=17 AND name LIKE '%[SEED-2026-05-03-MODULES]%' ORDER BY id DESC LIMIT 1), 84, 'Compliant', 'Specimen labeling and rejection criteria documented per POL-001; staff trained (Competency module).', 'Michael Veri', NULL, '2026-05-03T20:40:09Z', 'manual');
INSERT INTO veritascan_items (scan_id, item_id, status, notes, owner, due_date, updated_at, completion_source) VALUES ((SELECT id FROM veritascan_scans WHERE user_id=17 AND name LIKE '%[SEED-2026-05-03-MODULES]%' ORDER BY id DESC LIMIT 1), 85, 'Immediate Action', 'LDT validation packet incomplete for 1 in-house method; CLIA §493.1213 evidence not on file. Reconstruct per POL-001 or suspend test.', 'Michael Veri', '2026-05-11', '2026-05-03T20:40:09Z', 'manual');
INSERT INTO veritascan_items (scan_id, item_id, status, notes, owner, due_date, updated_at, completion_source) VALUES ((SELECT id FROM veritascan_scans WHERE user_id=17 AND name LIKE '%[SEED-2026-05-03-MODULES]%' ORDER BY id DESC LIMIT 1), 86, 'Compliant', 'Specimen labeling and rejection criteria documented per POL-001; staff trained (Competency module).', 'Michael Veri', NULL, '2026-05-03T20:40:09Z', 'manual');
INSERT INTO veritascan_items (scan_id, item_id, status, notes, owner, due_date, updated_at, completion_source) VALUES ((SELECT id FROM veritascan_scans WHERE user_id=17 AND name LIKE '%[SEED-2026-05-03-MODULES]%' ORDER BY id DESC LIMIT 1), 87, 'Compliant', 'Result reporting elements meet CLIA per POL-001; LIS report template attached.', 'Michael Veri', NULL, '2026-05-03T20:40:09Z', 'manual');
INSERT INTO veritascan_items (scan_id, item_id, status, notes, owner, due_date, updated_at, completion_source) VALUES ((SELECT id FROM veritascan_scans WHERE user_id=17 AND name LIKE '%[SEED-2026-05-03-MODULES]%' ORDER BY id DESC LIMIT 1), 88, 'Needs Attention', 'Biotin interference policy missing patient notification step required by POL-001.', 'Michael Veri', '2026-06-30', '2026-05-03T20:40:09Z', 'manual');
INSERT INTO veritascan_items (scan_id, item_id, status, notes, owner, due_date, updated_at, completion_source) VALUES ((SELECT id FROM veritascan_scans WHERE user_id=17 AND name LIKE '%[SEED-2026-05-03-MODULES]%' ORDER BY id DESC LIMIT 1), 89, 'Not Assessed', NULL, NULL, NULL, '2026-05-03T20:40:09Z', 'manual');
INSERT INTO veritascan_items (scan_id, item_id, status, notes, owner, due_date, updated_at, completion_source) VALUES ((SELECT id FROM veritascan_scans WHERE user_id=17 AND name LIKE '%[SEED-2026-05-03-MODULES]%' ORDER BY id DESC LIMIT 1), 90, 'Compliant', NULL, 'Michael Veri', NULL, '2026-05-03T20:40:09Z', 'manual');
INSERT INTO veritascan_items (scan_id, item_id, status, notes, owner, due_date, updated_at, completion_source) VALUES ((SELECT id FROM veritascan_scans WHERE user_id=17 AND name LIKE '%[SEED-2026-05-03-MODULES]%' ORDER BY id DESC LIMIT 1), 91, 'Compliant', 'SOP set current per POL-001 (Specimen Collection and Handling SOP); 2-year director review captured in VeritaPolicy.', 'Michael Veri', NULL, '2026-05-03T20:40:09Z', 'manual');
INSERT INTO veritascan_items (scan_id, item_id, status, notes, owner, due_date, updated_at, completion_source) VALUES ((SELECT id FROM veritascan_scans WHERE user_id=17 AND name LIKE '%[SEED-2026-05-03-MODULES]%' ORDER BY id DESC LIMIT 1), 92, 'Needs Attention', 'Pipette calibration due in <30 days for 2 pipettes. Open VeritaTrack → ''Pipette Calibration'' task; schedule per POL-010.', 'Michael Veri', '2026-06-04', '2026-05-03T20:40:09Z', 'manual');
INSERT INTO veritascan_items (scan_id, item_id, status, notes, owner, due_date, updated_at, completion_source) VALUES ((SELECT id FROM veritascan_scans WHERE user_id=17 AND name LIKE '%[SEED-2026-05-03-MODULES]%' ORDER BY id DESC LIMIT 1), 93, 'Not Assessed', NULL, NULL, NULL, '2026-05-03T20:40:09Z', 'manual');
INSERT INTO veritascan_items (scan_id, item_id, status, notes, owner, due_date, updated_at, completion_source) VALUES ((SELECT id FROM veritascan_scans WHERE user_id=17 AND name LIKE '%[SEED-2026-05-03-MODULES]%' ORDER BY id DESC LIMIT 1), 94, 'Compliant', 'Temperature monitoring continuous; excursion log clean for last 90 days per POL-010.', 'Michael Veri', NULL, '2026-05-03T20:40:09Z', 'manual');
INSERT INTO veritascan_items (scan_id, item_id, status, notes, owner, due_date, updated_at, completion_source) VALUES ((SELECT id FROM veritascan_scans WHERE user_id=17 AND name LIKE '%[SEED-2026-05-03-MODULES]%' ORDER BY id DESC LIMIT 1), 95, 'Compliant', NULL, 'Michael Veri', NULL, '2026-05-03T20:40:09Z', 'manual');
INSERT INTO veritascan_items (scan_id, item_id, status, notes, owner, due_date, updated_at, completion_source) VALUES ((SELECT id FROM veritascan_scans WHERE user_id=17 AND name LIKE '%[SEED-2026-05-03-MODULES]%' ORDER BY id DESC LIMIT 1), 96, 'Immediate Action', 'Out-of-service Hematology analyzer not documented with patient-result review per POL-010. Reconstruct from VeritaCheck and Inventory; close before survey.', 'Michael Veri', '2026-05-22', '2026-05-03T20:40:09Z', 'manual');
INSERT INTO veritascan_items (scan_id, item_id, status, notes, owner, due_date, updated_at, completion_source) VALUES ((SELECT id FROM veritascan_scans WHERE user_id=17 AND name LIKE '%[SEED-2026-05-03-MODULES]%' ORDER BY id DESC LIMIT 1), 97, 'Compliant', 'Reagent lot acceptance documented in Inventory module before use per POL-010 §4.', 'Michael Veri', NULL, '2026-05-03T20:40:09Z', 'manual');
INSERT INTO veritascan_items (scan_id, item_id, status, notes, owner, due_date, updated_at, completion_source) VALUES ((SELECT id FROM veritascan_scans WHERE user_id=17 AND name LIKE '%[SEED-2026-05-03-MODULES]%' ORDER BY id DESC LIMIT 1), 98, 'Compliant', NULL, 'Michael Veri', NULL, '2026-05-03T20:40:09Z', 'manual');
INSERT INTO veritascan_items (scan_id, item_id, status, notes, owner, due_date, updated_at, completion_source) VALUES ((SELECT id FROM veritascan_scans WHERE user_id=17 AND name LIKE '%[SEED-2026-05-03-MODULES]%' ORDER BY id DESC LIMIT 1), 99, 'Needs Attention', 'Pipette calibration due in <30 days for 2 pipettes. Open VeritaTrack → ''Pipette Calibration'' task; schedule per POL-010.', 'Michael Veri', '2026-06-11', '2026-05-03T20:40:09Z', 'manual');
INSERT INTO veritascan_items (scan_id, item_id, status, notes, owner, due_date, updated_at, completion_source) VALUES ((SELECT id FROM veritascan_scans WHERE user_id=17 AND name LIKE '%[SEED-2026-05-03-MODULES]%' ORDER BY id DESC LIMIT 1), 100, 'Not Assessed', NULL, NULL, NULL, '2026-05-03T20:40:09Z', 'manual');
INSERT INTO veritascan_items (scan_id, item_id, status, notes, owner, due_date, updated_at, completion_source) VALUES ((SELECT id FROM veritascan_scans WHERE user_id=17 AND name LIKE '%[SEED-2026-05-03-MODULES]%' ORDER BY id DESC LIMIT 1), 101, 'Compliant', 'PM schedule current; logs in VeritaTrack maintenance tasks per POL-010 (Reagent and Calibrator Management).', 'Michael Veri', NULL, '2026-05-03T20:40:09Z', 'manual');
INSERT INTO veritascan_items (scan_id, item_id, status, notes, owner, due_date, updated_at, completion_source) VALUES ((SELECT id FROM veritascan_scans WHERE user_id=17 AND name LIKE '%[SEED-2026-05-03-MODULES]%' ORDER BY id DESC LIMIT 1), 102, 'Compliant', 'Temperature monitoring continuous; excursion log clean for last 90 days per POL-010.', 'Michael Veri', NULL, '2026-05-03T20:40:09Z', 'manual');
INSERT INTO veritascan_items (scan_id, item_id, status, notes, owner, due_date, updated_at, completion_source) VALUES ((SELECT id FROM veritascan_scans WHERE user_id=17 AND name LIKE '%[SEED-2026-05-03-MODULES]%' ORDER BY id DESC LIMIT 1), 103, 'Needs Attention', 'Centrifuge timer/speed verification log behind by 1 cycle. Add to VeritaTrack and reference POL-010.', 'Michael Veri', '2026-06-15', '2026-05-03T20:40:09Z', 'manual');
INSERT INTO veritascan_items (scan_id, item_id, status, notes, owner, due_date, updated_at, completion_source) VALUES ((SELECT id FROM veritascan_scans WHERE user_id=17 AND name LIKE '%[SEED-2026-05-03-MODULES]%' ORDER BY id DESC LIMIT 1), 104, 'Not Assessed', NULL, NULL, NULL, '2026-05-03T20:40:09Z', 'manual');
INSERT INTO veritascan_items (scan_id, item_id, status, notes, owner, due_date, updated_at, completion_source) VALUES ((SELECT id FROM veritascan_scans WHERE user_id=17 AND name LIKE '%[SEED-2026-05-03-MODULES]%' ORDER BY id DESC LIMIT 1), 105, 'Compliant', NULL, 'Michael Veri', NULL, '2026-05-03T20:40:09Z', 'manual');
INSERT INTO veritascan_items (scan_id, item_id, status, notes, owner, due_date, updated_at, completion_source) VALUES ((SELECT id FROM veritascan_scans WHERE user_id=17 AND name LIKE '%[SEED-2026-05-03-MODULES]%' ORDER BY id DESC LIMIT 1), 106, 'Compliant', 'Reagent lot acceptance documented in Inventory module before use per POL-010 §4.', 'Michael Veri', NULL, '2026-05-03T20:40:09Z', 'manual');
INSERT INTO veritascan_items (scan_id, item_id, status, notes, owner, due_date, updated_at, completion_source) VALUES ((SELECT id FROM veritascan_scans WHERE user_id=17 AND name LIKE '%[SEED-2026-05-03-MODULES]%' ORDER BY id DESC LIMIT 1), 107, 'Needs Attention', 'Hepatitis B declination form on file but not re-offered at policy interval. Confirm per POL-008.', 'Michael Veri', '2026-06-19', '2026-05-03T20:40:09Z', 'manual');
INSERT INTO veritascan_items (scan_id, item_id, status, notes, owner, due_date, updated_at, completion_source) VALUES ((SELECT id FROM veritascan_scans WHERE user_id=17 AND name LIKE '%[SEED-2026-05-03-MODULES]%' ORDER BY id DESC LIMIT 1), 108, 'Compliant', NULL, 'Michael Veri', NULL, '2026-05-03T20:40:09Z', 'manual');
INSERT INTO veritascan_items (scan_id, item_id, status, notes, owner, due_date, updated_at, completion_source) VALUES ((SELECT id FROM veritascan_scans WHERE user_id=17 AND name LIKE '%[SEED-2026-05-03-MODULES]%' ORDER BY id DESC LIMIT 1), 109, 'Compliant', 'Exposure control plan current per POL-008 (Safety and Infection Control Plan); annual training documented in Competency module.', 'Michael Veri', NULL, '2026-05-03T20:40:09Z', 'manual');
INSERT INTO veritascan_items (scan_id, item_id, status, notes, owner, due_date, updated_at, completion_source) VALUES ((SELECT id FROM veritascan_scans WHERE user_id=17 AND name LIKE '%[SEED-2026-05-03-MODULES]%' ORDER BY id DESC LIMIT 1), 110, 'Compliant', NULL, 'Michael Veri', NULL, '2026-05-03T20:40:09Z', 'manual');
INSERT INTO veritascan_items (scan_id, item_id, status, notes, owner, due_date, updated_at, completion_source) VALUES ((SELECT id FROM veritascan_scans WHERE user_id=17 AND name LIKE '%[SEED-2026-05-03-MODULES]%' ORDER BY id DESC LIMIT 1), 111, 'Immediate Action', 'Exposure incident from prior quarter has no post-exposure follow-up record. Reconstruct per POL-008 §6 before survey.', 'Michael Veri', '2026-05-23', '2026-05-03T20:40:09Z', 'manual');
INSERT INTO veritascan_items (scan_id, item_id, status, notes, owner, due_date, updated_at, completion_source) VALUES ((SELECT id FROM veritascan_scans WHERE user_id=17 AND name LIKE '%[SEED-2026-05-03-MODULES]%' ORDER BY id DESC LIMIT 1), 112, 'Compliant', 'Eyewash weekly checks logged in VeritaTrack → ''Eyewash Inspection'' task per POL-008.', 'Michael Veri', NULL, '2026-05-03T20:40:09Z', 'manual');
INSERT INTO veritascan_items (scan_id, item_id, status, notes, owner, due_date, updated_at, completion_source) VALUES ((SELECT id FROM veritascan_scans WHERE user_id=17 AND name LIKE '%[SEED-2026-05-03-MODULES]%' ORDER BY id DESC LIMIT 1), 113, 'Compliant', NULL, 'Michael Veri', NULL, '2026-05-03T20:40:09Z', 'manual');
INSERT INTO veritascan_items (scan_id, item_id, status, notes, owner, due_date, updated_at, completion_source) VALUES ((SELECT id FROM veritascan_scans WHERE user_id=17 AND name LIKE '%[SEED-2026-05-03-MODULES]%' ORDER BY id DESC LIMIT 1), 114, 'Needs Attention', 'Hepatitis B declination form on file but not re-offered at policy interval. Confirm per POL-008.', 'Michael Veri', '2026-06-26', '2026-05-03T20:40:09Z', 'manual');
INSERT INTO veritascan_items (scan_id, item_id, status, notes, owner, due_date, updated_at, completion_source) VALUES ((SELECT id FROM veritascan_scans WHERE user_id=17 AND name LIKE '%[SEED-2026-05-03-MODULES]%' ORDER BY id DESC LIMIT 1), 115, 'Not Assessed', NULL, NULL, NULL, '2026-05-03T20:40:09Z', 'manual');
INSERT INTO veritascan_items (scan_id, item_id, status, notes, owner, due_date, updated_at, completion_source) VALUES ((SELECT id FROM veritascan_scans WHERE user_id=17 AND name LIKE '%[SEED-2026-05-03-MODULES]%' ORDER BY id DESC LIMIT 1), 116, 'Compliant', 'Chemical hygiene plan reviewed within 12 months per POL-008 §3.', 'Michael Veri', NULL, '2026-05-03T20:40:09Z', 'manual');
INSERT INTO veritascan_items (scan_id, item_id, status, notes, owner, due_date, updated_at, completion_source) VALUES ((SELECT id FROM veritascan_scans WHERE user_id=17 AND name LIKE '%[SEED-2026-05-03-MODULES]%' ORDER BY id DESC LIMIT 1), 117, 'Compliant', 'Exposure control plan current per POL-008 (Safety and Infection Control Plan); annual training documented in Competency module.', 'Michael Veri', NULL, '2026-05-03T20:40:09Z', 'manual');
INSERT INTO veritascan_items (scan_id, item_id, status, notes, owner, due_date, updated_at, completion_source) VALUES ((SELECT id FROM veritascan_scans WHERE user_id=17 AND name LIKE '%[SEED-2026-05-03-MODULES]%' ORDER BY id DESC LIMIT 1), 118, 'Needs Attention', 'Annual safety inspection report not yet finalized for 2026. Schedule via VeritaTrack and document per POL-008.', 'Michael Veri', '2026-06-30', '2026-05-03T20:40:09Z', 'manual');
INSERT INTO veritascan_items (scan_id, item_id, status, notes, owner, due_date, updated_at, completion_source) VALUES ((SELECT id FROM veritascan_scans WHERE user_id=17 AND name LIKE '%[SEED-2026-05-03-MODULES]%' ORDER BY id DESC LIMIT 1), 119, 'Compliant', 'Exposure control plan current per POL-008 (Safety and Infection Control Plan); annual training documented in Competency module.', 'Michael Veri', NULL, '2026-05-03T20:40:09Z', 'manual');
INSERT INTO veritascan_items (scan_id, item_id, status, notes, owner, due_date, updated_at, completion_source) VALUES ((SELECT id FROM veritascan_scans WHERE user_id=17 AND name LIKE '%[SEED-2026-05-03-MODULES]%' ORDER BY id DESC LIMIT 1), 120, 'Compliant', NULL, 'Michael Veri', NULL, '2026-05-03T20:40:09Z', 'manual');
INSERT INTO veritascan_items (scan_id, item_id, status, notes, owner, due_date, updated_at, completion_source) VALUES ((SELECT id FROM veritascan_scans WHERE user_id=17 AND name LIKE '%[SEED-2026-05-03-MODULES]%' ORDER BY id DESC LIMIT 1), 121, 'Compliant', 'Eyewash weekly checks logged in VeritaTrack → ''Eyewash Inspection'' task per POL-008.', 'Michael Veri', NULL, '2026-05-03T20:40:09Z', 'manual');
INSERT INTO veritascan_items (scan_id, item_id, status, notes, owner, due_date, updated_at, completion_source) VALUES ((SELECT id FROM veritascan_scans WHERE user_id=17 AND name LIKE '%[SEED-2026-05-03-MODULES]%' ORDER BY id DESC LIMIT 1), 122, 'Immediate Action', 'Transfusion-fatality reporting checklist missing FDA contact path. Update POL-002 §6 and post in Blood Bank work area.', 'Michael Veri', '2026-05-20', '2026-05-03T20:40:09Z', 'manual');
INSERT INTO veritascan_items (scan_id, item_id, status, notes, owner, due_date, updated_at, completion_source) VALUES ((SELECT id FROM veritascan_scans WHERE user_id=17 AND name LIKE '%[SEED-2026-05-03-MODULES]%' ORDER BY id DESC LIMIT 1), 123, 'Compliant', NULL, 'Michael Veri', NULL, '2026-05-03T20:40:09Z', 'manual');
INSERT INTO veritascan_items (scan_id, item_id, status, notes, owner, due_date, updated_at, completion_source) VALUES ((SELECT id FROM veritascan_scans WHERE user_id=17 AND name LIKE '%[SEED-2026-05-03-MODULES]%' ORDER BY id DESC LIMIT 1), 124, 'Compliant', 'Transfusion-reaction workup policy reviewed within cycle per POL-002.', 'Michael Veri', NULL, '2026-05-03T20:40:09Z', 'manual');
INSERT INTO veritascan_items (scan_id, item_id, status, notes, owner, due_date, updated_at, completion_source) VALUES ((SELECT id FROM veritascan_scans WHERE user_id=17 AND name LIKE '%[SEED-2026-05-03-MODULES]%' ORDER BY id DESC LIMIT 1), 125, 'Needs Attention', 'Blood-product visual inspection log inconsistent on weekends. Reinforce per POL-002 §3.', 'Michael Veri', '2026-06-07', '2026-05-03T20:40:09Z', 'manual');
INSERT INTO veritascan_items (scan_id, item_id, status, notes, owner, due_date, updated_at, completion_source) VALUES ((SELECT id FROM veritascan_scans WHERE user_id=17 AND name LIKE '%[SEED-2026-05-03-MODULES]%' ORDER BY id DESC LIMIT 1), 126, 'Not Assessed', NULL, NULL, NULL, '2026-05-03T20:40:09Z', 'manual');
INSERT INTO veritascan_items (scan_id, item_id, status, notes, owner, due_date, updated_at, completion_source) VALUES ((SELECT id FROM veritascan_scans WHERE user_id=17 AND name LIKE '%[SEED-2026-05-03-MODULES]%' ORDER BY id DESC LIMIT 1), 127, 'Compliant', 'ABO/Rh and antibody screen workflow current; evidence in VeritaMap → ''Blood Bank - Tube + Ortho ID-MTS Gel'' per POL-002.', 'Michael Veri', NULL, '2026-05-03T20:40:09Z', 'manual');
INSERT INTO veritascan_items (scan_id, item_id, status, notes, owner, due_date, updated_at, completion_source) VALUES ((SELECT id FROM veritascan_scans WHERE user_id=17 AND name LIKE '%[SEED-2026-05-03-MODULES]%' ORDER BY id DESC LIMIT 1), 128, 'Compliant', NULL, 'Michael Veri', NULL, '2026-05-03T20:40:09Z', 'manual');
INSERT INTO veritascan_items (scan_id, item_id, status, notes, owner, due_date, updated_at, completion_source) VALUES ((SELECT id FROM veritascan_scans WHERE user_id=17 AND name LIKE '%[SEED-2026-05-03-MODULES]%' ORDER BY id DESC LIMIT 1), 129, 'Needs Attention', 'Massive transfusion protocol last reviewed 14 months ago; refresh in VeritaPolicy and capture in POL-002.', 'Michael Veri', '2026-06-11', '2026-05-03T20:40:09Z', 'manual');
INSERT INTO veritascan_items (scan_id, item_id, status, notes, owner, due_date, updated_at, completion_source) VALUES ((SELECT id FROM veritascan_scans WHERE user_id=17 AND name LIKE '%[SEED-2026-05-03-MODULES]%' ORDER BY id DESC LIMIT 1), 130, 'Not Assessed', NULL, NULL, NULL, '2026-05-03T20:40:09Z', 'manual');
INSERT INTO veritascan_items (scan_id, item_id, status, notes, owner, due_date, updated_at, completion_source) VALUES ((SELECT id FROM veritascan_scans WHERE user_id=17 AND name LIKE '%[SEED-2026-05-03-MODULES]%' ORDER BY id DESC LIMIT 1), 131, 'Compliant', 'Daily reagent QC (anti-sera, screening cells, check cells) logged per POL-002; see VeritaCheck Blood Bank study.', 'Michael Veri', NULL, '2026-05-03T20:40:09Z', 'manual');
INSERT INTO veritascan_items (scan_id, item_id, status, notes, owner, due_date, updated_at, completion_source) VALUES ((SELECT id FROM veritascan_scans WHERE user_id=17 AND name LIKE '%[SEED-2026-05-03-MODULES]%' ORDER BY id DESC LIMIT 1), 132, 'Compliant', 'Transfusion-reaction workup policy reviewed within cycle per POL-002.', 'Michael Veri', NULL, '2026-05-03T20:40:09Z', 'manual');
INSERT INTO veritascan_items (scan_id, item_id, status, notes, owner, due_date, updated_at, completion_source) VALUES ((SELECT id FROM veritascan_scans WHERE user_id=17 AND name LIKE '%[SEED-2026-05-03-MODULES]%' ORDER BY id DESC LIMIT 1), 133, 'Immediate Action', 'Transfusion-fatality reporting checklist missing FDA contact path. Update POL-002 §6 and post in Blood Bank work area.', 'Michael Veri', '2026-05-17', '2026-05-03T20:40:09Z', 'manual');
INSERT INTO veritascan_items (scan_id, item_id, status, notes, owner, due_date, updated_at, completion_source) VALUES ((SELECT id FROM veritascan_scans WHERE user_id=17 AND name LIKE '%[SEED-2026-05-03-MODULES]%' ORDER BY id DESC LIMIT 1), 134, 'Compliant', 'Transfusion-reaction workup policy reviewed within cycle per POL-002.', 'Michael Veri', NULL, '2026-05-03T20:40:09Z', 'manual');
INSERT INTO veritascan_items (scan_id, item_id, status, notes, owner, due_date, updated_at, completion_source) VALUES ((SELECT id FROM veritascan_scans WHERE user_id=17 AND name LIKE '%[SEED-2026-05-03-MODULES]%' ORDER BY id DESC LIMIT 1), 135, 'Compliant', NULL, 'Michael Veri', NULL, '2026-05-03T20:40:09Z', 'manual');
INSERT INTO veritascan_items (scan_id, item_id, status, notes, owner, due_date, updated_at, completion_source) VALUES ((SELECT id FROM veritascan_scans WHERE user_id=17 AND name LIKE '%[SEED-2026-05-03-MODULES]%' ORDER BY id DESC LIMIT 1), 136, 'Needs Attention', 'Crossmatch (AHG) correlation between Tube and Ortho ID-MTS Gel due in <30 days. Open VeritaMap → Blood Bank → Crossmatch correlation group.', 'Michael Veri', '2026-06-18', '2026-05-03T20:40:09Z', 'manual');
INSERT INTO veritascan_items (scan_id, item_id, status, notes, owner, due_date, updated_at, completion_source) VALUES ((SELECT id FROM veritascan_scans WHERE user_id=17 AND name LIKE '%[SEED-2026-05-03-MODULES]%' ORDER BY id DESC LIMIT 1), 137, 'Not Assessed', NULL, NULL, NULL, '2026-05-03T20:40:09Z', 'manual');
INSERT INTO veritascan_items (scan_id, item_id, status, notes, owner, due_date, updated_at, completion_source) VALUES ((SELECT id FROM veritascan_scans WHERE user_id=17 AND name LIKE '%[SEED-2026-05-03-MODULES]%' ORDER BY id DESC LIMIT 1), 138, 'Compliant', NULL, 'Michael Veri', NULL, '2026-05-03T20:40:09Z', 'manual');
INSERT INTO veritascan_items (scan_id, item_id, status, notes, owner, due_date, updated_at, completion_source) VALUES ((SELECT id FROM veritascan_scans WHERE user_id=17 AND name LIKE '%[SEED-2026-05-03-MODULES]%' ORDER BY id DESC LIMIT 1), 139, 'Compliant', 'Daily reagent QC (anti-sera, screening cells, check cells) logged per POL-002; see VeritaCheck Blood Bank study.', 'Michael Veri', NULL, '2026-05-03T20:40:09Z', 'manual');
INSERT INTO veritascan_items (scan_id, item_id, status, notes, owner, due_date, updated_at, completion_source) VALUES ((SELECT id FROM veritascan_scans WHERE user_id=17 AND name LIKE '%[SEED-2026-05-03-MODULES]%' ORDER BY id DESC LIMIT 1), 140, 'Needs Attention', 'Massive transfusion protocol last reviewed 14 months ago; refresh in VeritaPolicy and capture in POL-002.', 'Michael Veri', '2026-06-22', '2026-05-03T20:40:09Z', 'manual');
INSERT INTO veritascan_items (scan_id, item_id, status, notes, owner, due_date, updated_at, completion_source) VALUES ((SELECT id FROM veritascan_scans WHERE user_id=17 AND name LIKE '%[SEED-2026-05-03-MODULES]%' ORDER BY id DESC LIMIT 1), 141, 'Not Assessed', NULL, NULL, NULL, '2026-05-03T20:40:09Z', 'manual');
INSERT INTO veritascan_items (scan_id, item_id, status, notes, owner, due_date, updated_at, completion_source) VALUES ((SELECT id FROM veritascan_scans WHERE user_id=17 AND name LIKE '%[SEED-2026-05-03-MODULES]%' ORDER BY id DESC LIMIT 1), 142, 'Compliant', 'POCT QC daily; logs accessible per POL-012.', 'Michael Veri', NULL, '2026-05-03T20:40:09Z', 'manual');
INSERT INTO veritascan_items (scan_id, item_id, status, notes, owner, due_date, updated_at, completion_source) VALUES ((SELECT id FROM veritascan_scans WHERE user_id=17 AND name LIKE '%[SEED-2026-05-03-MODULES]%' ORDER BY id DESC LIMIT 1), 143, 'Compliant', NULL, 'Michael Veri', NULL, '2026-05-03T20:40:09Z', 'manual');
INSERT INTO veritascan_items (scan_id, item_id, status, notes, owner, due_date, updated_at, completion_source) VALUES ((SELECT id FROM veritascan_scans WHERE user_id=17 AND name LIKE '%[SEED-2026-05-03-MODULES]%' ORDER BY id DESC LIMIT 1), 144, 'Needs Attention', 'POCT glucose meter correlation between i-STAT and Nova StatStrip due in <30 days. Open VeritaMap → Point of Care → Glucose correlation.', 'Michael Veri', '2026-06-26', '2026-05-03T20:40:09Z', 'manual');
INSERT INTO veritascan_items (scan_id, item_id, status, notes, owner, due_date, updated_at, completion_source) VALUES ((SELECT id FROM veritascan_scans WHERE user_id=17 AND name LIKE '%[SEED-2026-05-03-MODULES]%' ORDER BY id DESC LIMIT 1), 145, 'Compliant', NULL, 'Michael Veri', NULL, '2026-05-03T20:40:09Z', 'manual');
INSERT INTO veritascan_items (scan_id, item_id, status, notes, owner, due_date, updated_at, completion_source) VALUES ((SELECT id FROM veritascan_scans WHERE user_id=17 AND name LIKE '%[SEED-2026-05-03-MODULES]%' ORDER BY id DESC LIMIT 1), 146, 'Compliant', 'POCT operator competency current; lockouts active in connectivity middleware per POL-012 (Waived Testing Quality Plan).', 'Michael Veri', NULL, '2026-05-03T20:40:09Z', 'manual');
INSERT INTO veritascan_items (scan_id, item_id, status, notes, owner, due_date, updated_at, completion_source) VALUES ((SELECT id FROM veritascan_scans WHERE user_id=17 AND name LIKE '%[SEED-2026-05-03-MODULES]%' ORDER BY id DESC LIMIT 1), 147, 'Compliant', 'i-STAT G3+ and Nova StatStrip glucose correlation documented in VeritaMap → Point of Care.', 'Michael Veri', NULL, '2026-05-03T20:40:09Z', 'manual');
INSERT INTO veritascan_items (scan_id, item_id, status, notes, owner, due_date, updated_at, completion_source) VALUES ((SELECT id FROM veritascan_scans WHERE user_id=17 AND name LIKE '%[SEED-2026-05-03-MODULES]%' ORDER BY id DESC LIMIT 1), 148, 'Immediate Action', 'FDA 2016 ICU glucose-meter accuracy attestation missing for 1 location. Capture per POL-012 before survey.', 'Michael Veri', '2026-05-18', '2026-05-03T20:40:09Z', 'manual');
INSERT INTO veritascan_items (scan_id, item_id, status, notes, owner, due_date, updated_at, completion_source) VALUES ((SELECT id FROM veritascan_scans WHERE user_id=17 AND name LIKE '%[SEED-2026-05-03-MODULES]%' ORDER BY id DESC LIMIT 1), 149, 'Compliant', 'i-STAT G3+ and Nova StatStrip glucose correlation documented in VeritaMap → Point of Care.', 'Michael Veri', NULL, '2026-05-03T20:40:09Z', 'manual');
INSERT INTO veritascan_items (scan_id, item_id, status, notes, owner, due_date, updated_at, completion_source) VALUES ((SELECT id FROM veritascan_scans WHERE user_id=17 AND name LIKE '%[SEED-2026-05-03-MODULES]%' ORDER BY id DESC LIMIT 1), 150, 'Compliant', NULL, 'Michael Veri', NULL, '2026-05-03T20:40:09Z', 'manual');
INSERT INTO veritascan_items (scan_id, item_id, status, notes, owner, due_date, updated_at, completion_source) VALUES ((SELECT id FROM veritascan_scans WHERE user_id=17 AND name LIKE '%[SEED-2026-05-03-MODULES]%' ORDER BY id DESC LIMIT 1), 151, 'Needs Attention', 'POCT critical-value escalation path in POL-012 differs from core lab. Reconcile.', 'Michael Veri', '2026-06-03', '2026-05-03T20:40:09Z', 'manual');
INSERT INTO veritascan_items (scan_id, item_id, status, notes, owner, due_date, updated_at, completion_source) VALUES ((SELECT id FROM veritascan_scans WHERE user_id=17 AND name LIKE '%[SEED-2026-05-03-MODULES]%' ORDER BY id DESC LIMIT 1), 152, 'Not Assessed', NULL, NULL, NULL, '2026-05-03T20:40:09Z', 'manual');
INSERT INTO veritascan_items (scan_id, item_id, status, notes, owner, due_date, updated_at, completion_source) VALUES ((SELECT id FROM veritascan_scans WHERE user_id=17 AND name LIKE '%[SEED-2026-05-03-MODULES]%' ORDER BY id DESC LIMIT 1), 153, 'Compliant', NULL, 'Michael Veri', NULL, '2026-05-03T20:40:09Z', 'manual');
INSERT INTO veritascan_items (scan_id, item_id, status, notes, owner, due_date, updated_at, completion_source) VALUES ((SELECT id FROM veritascan_scans WHERE user_id=17 AND name LIKE '%[SEED-2026-05-03-MODULES]%' ORDER BY id DESC LIMIT 1), 154, 'Compliant', 'POCT operator competency current; lockouts active in connectivity middleware per POL-012 (Waived Testing Quality Plan).', 'Michael Veri', NULL, '2026-05-03T20:40:09Z', 'manual');
INSERT INTO veritascan_items (scan_id, item_id, status, notes, owner, due_date, updated_at, completion_source) VALUES ((SELECT id FROM veritascan_scans WHERE user_id=17 AND name LIKE '%[SEED-2026-05-03-MODULES]%' ORDER BY id DESC LIMIT 1), 155, 'Needs Attention', 'POCT glucose meter correlation between i-STAT and Nova StatStrip due in <30 days. Open VeritaMap → Point of Care → Glucose correlation.', 'Michael Veri', '2026-06-07', '2026-05-03T20:40:09Z', 'manual');
INSERT INTO veritascan_items (scan_id, item_id, status, notes, owner, due_date, updated_at, completion_source) VALUES ((SELECT id FROM veritascan_scans WHERE user_id=17 AND name LIKE '%[SEED-2026-05-03-MODULES]%' ORDER BY id DESC LIMIT 1), 156, 'Compliant', 'i-STAT G3+ and Nova StatStrip glucose correlation documented in VeritaMap → Point of Care.', 'Michael Veri', NULL, '2026-05-03T20:40:09Z', 'manual');
INSERT INTO veritascan_items (scan_id, item_id, status, notes, owner, due_date, updated_at, completion_source) VALUES ((SELECT id FROM veritascan_scans WHERE user_id=17 AND name LIKE '%[SEED-2026-05-03-MODULES]%' ORDER BY id DESC LIMIT 1), 157, 'Compliant', 'i-STAT G3+ and Nova StatStrip glucose correlation documented in VeritaMap → Point of Care.', 'Michael Veri', NULL, '2026-05-03T20:40:09Z', 'manual');
INSERT INTO veritascan_items (scan_id, item_id, status, notes, owner, due_date, updated_at, completion_source) VALUES ((SELECT id FROM veritascan_scans WHERE user_id=17 AND name LIKE '%[SEED-2026-05-03-MODULES]%' ORDER BY id DESC LIMIT 1), 158, 'Compliant', NULL, 'Michael Veri', NULL, '2026-05-03T20:40:09Z', 'manual');
INSERT INTO veritascan_items (scan_id, item_id, status, notes, owner, due_date, updated_at, completion_source) VALUES ((SELECT id FROM veritascan_scans WHERE user_id=17 AND name LIKE '%[SEED-2026-05-03-MODULES]%' ORDER BY id DESC LIMIT 1), 159, 'Immediate Action', 'Accreditation-body notification not filed for recent director-coverage change. File per POL-007 §3 immediately.', 'Michael Veri', '2026-05-15', '2026-05-03T20:40:09Z', 'manual');
INSERT INTO veritascan_items (scan_id, item_id, status, notes, owner, due_date, updated_at, completion_source) VALUES ((SELECT id FROM veritascan_scans WHERE user_id=17 AND name LIKE '%[SEED-2026-05-03-MODULES]%' ORDER BY id DESC LIMIT 1), 160, 'Compliant', NULL, 'Michael Veri', NULL, '2026-05-03T20:40:09Z', 'manual');
INSERT INTO veritascan_items (scan_id, item_id, status, notes, owner, due_date, updated_at, completion_source) VALUES ((SELECT id FROM veritascan_scans WHERE user_id=17 AND name LIKE '%[SEED-2026-05-03-MODULES]%' ORDER BY id DESC LIMIT 1), 161, 'Compliant', 'Annual self-assessment scheduled and tracked in VeritaTrack per POL-007.', 'Michael Veri', NULL, '2026-05-03T20:40:09Z', 'manual');
INSERT INTO veritascan_items (scan_id, item_id, status, notes, owner, due_date, updated_at, completion_source) VALUES ((SELECT id FROM veritascan_scans WHERE user_id=17 AND name LIKE '%[SEED-2026-05-03-MODULES]%' ORDER BY id DESC LIMIT 1), 162, 'Needs Attention', 'Corrective-action log has 3 open items >60 days. Triage in VeritaTrack and close per POL-007 §2.', 'Michael Veri', '2026-06-14', '2026-05-03T20:40:09Z', 'manual');
INSERT INTO veritascan_items (scan_id, item_id, status, notes, owner, due_date, updated_at, completion_source) VALUES ((SELECT id FROM veritascan_scans WHERE user_id=17 AND name LIKE '%[SEED-2026-05-03-MODULES]%' ORDER BY id DESC LIMIT 1), 163, 'Not Assessed', NULL, NULL, NULL, '2026-05-03T20:40:09Z', 'manual');
INSERT INTO veritascan_items (scan_id, item_id, status, notes, owner, due_date, updated_at, completion_source) VALUES ((SELECT id FROM veritascan_scans WHERE user_id=17 AND name LIKE '%[SEED-2026-05-03-MODULES]%' ORDER BY id DESC LIMIT 1), 164, 'Compliant', 'Director review of all required policies current per POL-007 (Record Retention and Documentation); see VeritaPolicy sign-off tab.', 'Michael Veri', NULL, '2026-05-03T20:40:09Z', 'manual');
INSERT INTO veritascan_items (scan_id, item_id, status, notes, owner, due_date, updated_at, completion_source) VALUES ((SELECT id FROM veritascan_scans WHERE user_id=17 AND name LIKE '%[SEED-2026-05-03-MODULES]%' ORDER BY id DESC LIMIT 1), 165, 'Compliant', NULL, 'Michael Veri', NULL, '2026-05-03T20:40:09Z', 'manual');
INSERT INTO veritascan_items (scan_id, item_id, status, notes, owner, due_date, updated_at, completion_source) VALUES ((SELECT id FROM veritascan_scans WHERE user_id=17 AND name LIKE '%[SEED-2026-05-03-MODULES]%' ORDER BY id DESC LIMIT 1), 166, 'Needs Attention', 'Strategic plan last reviewed 11 months ago; refresh before annual cycle per POL-007.', 'Michael Veri', '2026-06-18', '2026-05-03T20:40:09Z', 'manual');
INSERT INTO veritascan_items (scan_id, item_id, status, notes, owner, due_date, updated_at, completion_source) VALUES ((SELECT id FROM veritascan_scans WHERE user_id=17 AND name LIKE '%[SEED-2026-05-03-MODULES]%' ORDER BY id DESC LIMIT 1), 167, 'Not Assessed', NULL, NULL, NULL, '2026-05-03T20:40:09Z', 'manual');
INSERT INTO veritascan_items (scan_id, item_id, status, notes, owner, due_date, updated_at, completion_source) VALUES ((SELECT id FROM veritascan_scans WHERE user_id=17 AND name LIKE '%[SEED-2026-05-03-MODULES]%' ORDER BY id DESC LIMIT 1), 168, 'Compliant', NULL, 'Michael Veri', NULL, '2026-05-03T20:40:09Z', 'manual');

COMMIT;
